1,1.1568428,3.9175878,3.0077367,2.210318
2,1.1719391,4.1387467,3.1663969,2.2757561
3,1.5134429,4.199854,3.3208997,2.5231543
4,1.4864935,4.4982777,3.5113986,2.647373
5,0.87902427,3.6299946,2.7280047,1.9368904
6,1.2129081,4.014536,3.105684,2.294038
7,1.3424182,4.4648604,3.4784474,2.5597816
8,1.4003836,4.116338,3.2353213,2.4517567
9,1.4126765,4.4374704,3.450947,2.5733123
10,1.3252314,4.1003985,3.204373,2.3782067
11,1.3429556,4.367192,3.3797064,2.5018592
12,1.4290721,4.2204237,3.3237226,2.497789
13,1.1208302,4.0878263,3.0997963,2.2099903
14,1.3850127,4.146534,3.251018,2.4539256
15,1.4468143,4.4447546,3.4574063,2.5658336
16,1.4726107,4.2466874,3.3499067,2.5537012
17,1.6136127,4.5390277,3.5659547,2.6893232
18,1.3278669,4.1005573,3.207076,2.4094958
19,1.4755338,4.4748573,3.4867756,2.6221125
20,1.5363144,4.286756,3.3886523,2.604579
21,1.4572464,4.584071,3.5673666,2.618648
22,1.0340972,4.0822783,3.0683806,2.1648943
23,1.1577667,3.9132698,3.0200748,2.2243366
24,1.0049375,4.097574,3.0825531,2.1639032
25,1.2390356,3.977208,3.0993392,2.3177853
26,1.4244375,4.471355,3.4585009,2.5689971
27,1.3715822,4.1263556,3.219765,2.436892
28,1.4257369,4.4304266,3.4174168,2.556025
29,1.3850101,4.144651,3.2638972,2.465988
30,1.4261975,4.420038,3.433142,2.544072
31,1.4138399,4.208112,3.3027196,2.5068717
32,1.5418353,4.533707,3.5478716,2.6446369
33,1.3419949,4.1788497,3.2869806,2.436415
34,1.4988015,4.4905663,3.4914343,2.60125
35,1.1293709,3.9018118,3.0064824,2.209796
36,1.261138,4.225199,3.2395194,2.3644426
37,1.4280422,4.2127585,3.303511,2.4787743
38,1.502095,4.366805,3.3958476,2.5204296
39,1.2299055,3.9734128,3.0654843,2.2550411
40,1.3162937,4.3089867,3.3102417,2.433398
41,1.3853866,4.138734,3.2460334,2.4506395
42,1.5041239,4.400097,3.4147553,2.5386133
43,1.3698446,4.0710077,3.1895413,2.3796606
44,1.2877749,4.251045,3.2517226,2.3626034
45,1.3251199,4.105786,3.2005503,2.391077
46,1.5270779,4.450761,3.4784522,2.6027007
47,1.3695216,4.0523043,3.1746979,2.3789432
48,1.232879,4.2416587,3.2538767,2.3638299
49,1.3870928,4.1161847,3.2222998,2.4397871
50,1.2167991,4.3143826,3.2983816,2.3783023
51,1.6488557,4.3320155,3.4403443,2.6580458
52,1.07528,4.080266,3.0946736,2.1918192
53,1.5186023,4.2573695,3.3656528,2.5700634
54,1.144649,4.223337,3.208917,2.2902102
55,1.3967115,4.1529655,3.2568088,2.4752004
56,1.4777946,4.483064,3.4838507,2.59452
57,1.3401471,4.12334,3.228819,2.4340167
58,1.3971316,4.3901854,3.3902633,2.5140746
59,1.240905,4.02343,3.1170766,2.3343794
60,1.2976394,4.218341,3.2472994,2.3859425
61,1.5605595,4.263259,3.3691003,2.5985522
62,1.2822797,4.287198,3.2877548,2.3849142
63,1.3851441,4.153542,3.2475653,2.4649138
64,1.4236046,4.4438653,3.4582236,2.5965405
65,1.5497599,4.322835,3.4419894,2.6443138
66,1.5128862,4.5092444,3.5082269,2.6164207
67,1.2249541,3.9663017,3.057254,2.261806
68,1.0746127,4.0934186,3.0929182,2.1907067
69,1.3129783,4.0968933,3.2039168,2.3803155
70,1.5826075,4.5207515,3.5472457,2.685346
71,1.341778,4.0534883,3.1600354,2.3641691
72,1.355139,4.3929935,3.3918118,2.5150585
73,1.4298913,4.170722,3.2769845,2.4813926
74,1.3228078,4.4261007,3.426145,2.4942813
75,1.4587185,4.142361,3.2643533,2.4821992
76,1.2971762,4.343941,3.3311858,2.4406953
77,1.3431222,4.0719624,3.178166,2.381728
78,1.4090159,4.5013056,3.5005643,2.5535126
79,1.4588721,4.199821,3.3080206,2.5106888
80,1.2682831,4.289908,3.289981,2.385512
81,1.2278359,3.984013,3.0906568,2.2802877
82,1.1433711,4.148251,3.1485457,2.2467957
83,1.2982802,4.056246,3.1601884,2.3772335
84,1.2985923,4.2792373,3.2930214,2.4295979
85,1.1157205,3.9015086,2.9938242,2.1969144
86,1.1912117,4.161568,3.159208,2.3099477
87,1.1850185,3.9444444,3.0493932,2.2526867
88,1.1861647,4.138092,3.1511855,2.302727
89,1.2692496,3.9723344,3.0899994,2.2801385
90,1.1318606,4.1108904,3.137975,2.2495646
91,1.46138,4.2348976,3.3402495,2.5288644
92,1.2434684,4.279191,3.292656,2.4167852
93,1.5363115,4.3517866,3.471022,2.6315205
94,1.526718,4.510048,3.5370529,2.6460607
95,1.5187713,4.3060055,3.3975315,2.5861528
96,1.2045412,4.205718,3.202243,2.310973
97,1.4310399,4.1766524,3.2809265,2.483949
98,1.5129861,4.4535317,3.4659853,2.6155252
99,1.5499347,4.2840214,3.388773,2.589544
100,1.4676881,4.522795,3.534272,2.6290743
101,1.3306575,4.063997,3.168593,2.3845515
102,1.4117943,4.3925796,3.419444,2.5152493
103,1.5952579,4.2685666,3.3741283,2.591362
104,1.3978043,4.4403286,3.450953,2.5584123
105,1.2605493,4.018429,3.1100216,2.2994432
106,1.3120196,4.380907,3.3765965,2.4427981
107,1.4886292,4.1797676,3.2963572,2.5136147
108,1.3670622,4.3638577,3.389218,2.49785
109,1.5337065,4.2903123,3.3832448,2.601315
110,1.2688653,4.262569,3.26097,2.3707573
111,1.2160388,3.9892163,3.0804224,2.2701583
112,1.3837517,4.395768,3.3932664,2.4874976
113,1.25811,4.0224648,3.110338,2.2975273
114,1.073552,4.071196,3.082222,2.2046957
115,1.5159628,4.2754354,3.3799593,2.582226
116,1.2811395,4.277004,3.2883224,2.3839157
117,1.2091229,4.039185,3.1432607,2.3047426
118,1.3569133,4.356034,3.351583,2.4886072
119,1.4287168,4.2178726,3.3079872,2.5099707
120,1.0752331,4.060589,3.0568948,2.165901
121,1.1428306,3.9306726,3.0062678,2.1959121
122,1.2150377,4.159024,3.197385,2.3202045
123,1.5363442,4.299873,3.4012713,2.5894327
124,1.5266677,4.528913,3.523375,2.6171274
125,1.4912072,4.293597,3.384098,2.5582447
126,1.485904,4.4761624,3.5126116,2.6055038
127,1.3128682,4.059813,3.1632266,2.3802474
128,1.2421883,4.1321826,3.1699836,2.3187127
129,1.3452451,4.06398,3.1811893,2.383709
130,1.2743138,4.25152,3.2582724,2.3799577
131,1.2992373,4.0742407,3.1783586,2.3525453
132,1.1578448,4.1584473,3.167986,2.290035
133,1.4018198,4.105073,3.222778,2.4263315
134,1.3437581,4.3335824,3.356302,2.4775476
135,1.2148216,3.976697,3.0805287,2.2961943
136,1.5022203,4.506738,3.5144243,2.6206143
137,1.3116982,4.158602,3.261474,2.4222465
138,1.4330564,4.439073,3.445764,2.566724
139,1.2273424,3.9897003,3.0923464,2.280857
140,1.303913,4.322182,3.343696,2.4364238
141,1.3008097,4.047084,3.1505902,2.3260376
142,1.3449901,4.2905345,3.2993639,2.4078026
143,1.5212857,4.2819047,3.385332,2.5746336
144,1.0784124,4.0872846,3.0788674,2.212951
145,1.2438471,3.964178,3.0806742,2.310893
146,1.1187857,4.208409,3.1875863,2.294609
147,1.4536935,4.2410154,3.3693056,2.5555143
148,1.3658662,4.3960376,3.3982692,2.5169063
149,1.378315,4.104183,3.2194846,2.4066796
150,1.4213877,4.4466558,3.438421,2.5573912
151,1.5095404,4.2640314,3.3648245,2.5525405
152,1.4820687,4.436447,3.4698498,2.5888844
153,1.4966403,4.2392983,3.3401873,2.5257277
154,1.4162258,4.4244046,3.430638,2.5509024
155,1.493546,4.245841,3.3475428,2.5625038
156,1.5405151,4.5040474,3.524962,2.6320617
157,1.6590841,4.32419,3.4265177,2.642876
158,1.0891603,4.109605,3.1163232,2.2227871
159,1.465272,4.20295,3.3042977,2.4923947
160,1.1030991,4.194533,3.1864643,2.251127
161,1.3295885,4.079598,3.182832,2.3986914
162,1.1854168,4.2314796,3.224799,2.331491
163,1.4634256,4.200781,3.3024483,2.5176368
164,1.4840821,4.478199,3.4982638,2.5908842
165,1.4777366,4.211659,3.3146565,2.5169291
166,1.4541514,4.444035,3.450471,2.5861285
167,1.1727258,3.906746,3.023681,2.2386668
168,1.1568118,4.1714926,3.1651754,2.2881808
169,1.273082,4.02272,3.1248436,2.3418255
170,1.5497197,4.5097556,3.5315695,2.6811576
171,1.3749593,4.161258,3.273931,2.4451501
172,1.5232333,4.49664,3.504015,2.6535485
173,1.1290065,3.906247,3.007727,2.2106898
174,1.1444441,4.1052704,3.1121285,2.2341607
175,1.1440479,3.9078608,3.008726,2.1972787
176,1.2381526,4.1484966,3.1735697,2.3389783
177,1.3311089,4.0262594,3.1422892,2.3569806
178,1.3224039,4.3322244,3.3287098,2.4515333
179,1.2296389,3.995558,3.0967326,2.2974417
180,1.2413121,4.226153,3.2350988,2.3298838
181,1.3130938,4.188557,3.2911282,2.4229915
182,1.4607725,4.484924,3.4803655,2.5897205
183,1.258761,4.0097094,3.111638,2.3274906
184,1.2942266,4.3212614,3.3157048,2.424767
185,1.3905274,4.113989,3.2282562,2.4442558
186,1.2077487,4.161385,3.1710448,2.294558
187,1.5221446,4.2726636,3.3753383,2.576397
188,1.4490755,4.4754453,3.4700027,2.565347
189,1.2037286,3.9417717,3.0426419,2.2302818
190,1.0569689,4.0794067,3.0618434,2.1722794
191,1.2299676,4.0075064,3.1103585,2.326238
192,1.1942995,4.226129,3.2265718,2.3371818
193,1.1735544,3.9239552,3.011799,2.2272518
194,1.1633441,4.1227455,3.136959,2.249364
195,1.4615582,4.237198,3.3264887,2.5284722
196,1.4613556,4.471588,3.4952416,2.6043289
197,1.4155096,4.178834,3.2949204,2.4841545
198,1.5153475,4.483028,3.5070095,2.6447349
199,1.4160087,4.222853,3.339042,2.498979
200,1.1270791,4.104245,3.1170683,2.2417393
201,1.4011452,4.191535,3.2944014,2.483324
202,1.5358933,4.560524,3.571695,2.6820514
203,1.2979356,4.0585732,3.1756752,2.3645866
204,1.5017109,4.5027947,3.5164387,2.6150453
205,1.3841031,4.157997,3.248687,2.4375668
206,1.3573128,4.3817506,3.3831542,2.497339
207,1.2835428,4.088602,3.1750574,2.3645425
208,1.4684768,4.381495,3.4114652,2.539234
209,1.4438157,4.1371555,3.2538996,2.4681895
210,1.3326784,4.346539,3.361076,2.4865692
211,1.3724501,4.1240716,3.2247162,2.4404333
212,1.4184017,4.462369,3.4632928,2.5749335
213,1.2451513,3.9535193,3.083344,2.271272
214,1.2785618,4.2909293,3.291743,2.405197
215,1.2280831,4.035409,3.1225522,2.3107438
216,1.3161736,4.3570385,3.371232,2.4700048
217,1.2401175,4.018631,3.1208608,2.3223584
218,1.3645134,4.298067,3.2966633,2.4225576
219,1.2303865,3.9523916,3.0532866,2.2557154
220,1.3156464,4.2531333,3.25578,2.3976183
221,1.3431909,4.030645,3.121174,2.337749
222,1.1821632,4.1569266,3.1692054,2.3075142
223,1.300155,4.050649,3.1376574,2.353267
224,1.471881,4.4857802,3.4697874,2.5961745
225,1.3285611,4.0770802,3.178267,2.367968
226,1.4424753,4.3826814,3.409167,2.5514438
227,1.3130655,4.0913305,3.1644156,2.352451
228,1.2598941,4.269574,3.2707784,2.3850582
229,1.4614669,4.211924,3.3125565,2.5146482
230,1.1629559,4.103707,3.117549,2.258783
231,1.3247246,4.027378,3.1452556,2.348344
232,1.3044673,4.3308535,3.315887,2.4435205
233,1.0713446,3.8476083,2.9495409,2.139359
234,1.316505,4.459239,3.442575,2.5535967
235,1.459015,4.2383695,3.3537414,2.5553515
236,1.4884337,4.501608,3.5026824,2.6160958
237,1.3003477,4.0656633,3.1669233,2.3684452
238,1.3882926,4.4034004,3.4173129,2.5148523
239,1.386748,4.1246285,3.2252412,2.4410453
240,1.4861927,4.432669,3.4449801,2.5696647
241,1.2549691,3.975606,3.0782297,2.3081975
242,1.2628351,4.2882466,3.2888849,2.414657
243,1.1410545,3.9325857,3.033516,2.2082953
244,1.2318152,4.15679,3.1856716,2.3005626
245,1.4145054,4.135838,3.2509725,2.4390492
246,1.3744404,4.394553,3.3922856,2.5024073
247,1.3580935,4.136644,3.2367678,2.4522085
248,1.4988885,4.4258375,3.4548848,2.596147
249,1.4145912,4.1232386,3.2379003,2.4264278
250,1.3591726,4.371571,3.3995717,2.5125263
251,1.2844398,4.0740333,3.1626558,2.3654597
252,1.3449582,4.270642,3.2990725,2.413136
253,1.2562112,3.9760773,3.0920372,2.2799492
254,1.2877734,4.296256,3.3119626,2.4261754
255,1.4026004,4.170061,3.2836988,2.4571285
256,1.5408183,4.5111694,3.5247667,2.6390853
257,1.3118508,4.017946,3.148077,2.3503423
258,1.1507893,4.186043,3.1885018,2.2889588
259,1.1427735,3.881488,2.9961042,2.2111332
260,1.078651,4.1444893,3.1584933,2.2718434
261,0.9978451,4.049537,3.0503094,2.1638892
262,1.2863711,4.0229626,3.1094396,2.3258185
263,1.2444913,4.424085,3.3980043,2.4410813
264,1.5327103,4.1965017,3.3125174,2.5423644
265,1.4126835,4.4799333,3.4670875,2.5800195
266,1.2437675,3.9677105,3.0815501,2.282581
267,1.1243885,4.1273446,3.1535897,2.2805777
268,1.1832349,3.9714217,3.1024418,2.27787
269,1.1058295,4.1666293,3.1548986,2.2424846
270,1.1699024,3.9010344,3.0030308,2.2061293
271,1.0095377,4.0435452,3.060577,2.1615222
272,1.1413535,3.8747485,2.9766557,2.1661277
273,1.1606534,4.1402617,3.1589732,2.2865894
274,1.3084887,4.0372257,3.1407793,2.3720841
275,1.2013848,4.260318,3.2499278,2.3642771
276,1.2110124,3.9445462,3.0462282,2.263075
277,1.2956371,4.385915,3.3742404,2.4597764
278,1.3657091,4.1099977,3.2269022,2.4173706
279,1.314566,4.376418,3.392391,2.4796612
280,1.3850331,4.060664,3.1626544,2.3942013
281,1.3155823,4.291667,3.3095174,2.411252
282,1.1993328,3.990642,3.092239,2.3084111
283,1.2312793,4.236483,3.225309,2.3136122
284,1.1186929,4.147991,3.1377666,2.2399268
285,1.5269878,4.2242937,3.3454585,2.592345
286,1.3941113,4.442504,3.4446099,2.5035696
287,1.2658551,4.031757,3.110256,2.316311
288,1.1469008,4.177583,3.180877,2.2699187
289,1.337139,4.0860243,3.1809669,2.39933
290,1.0923243,4.068502,3.0851367,2.2281342
291,1.3357401,4.128594,3.250689,2.4413493
292,1.2561865,4.2866035,3.304034,2.4058385
293,1.038077,3.8173983,2.925941,2.102833
294,1.1881577,4.236499,3.2244449,2.3260775
295,1.1802719,3.9459405,3.053368,2.2459137
296,1.1240767,3.8676522,2.984591,2.1887841
297,1.1612467,4.1638637,3.1672964,2.3108437
298,1.3372508,4.12594,3.2430289,2.4319425
299,1.3816532,4.410922,3.4145765,2.517141
300,1.2512988,3.9977162,3.0997138,2.2890286
301,1.2165717,4.251097,3.2665358,2.3685002
302,1.2097673,3.9567966,3.0736015,2.2764392
303,1.324223,4.3275456,3.3310401,2.4328582
304,1.2218748,3.979035,3.0962527,2.2854946
305,1.4106882,4.4282837,3.4453723,2.5612931
306,1.3080274,4.0535727,3.155976,2.3452172
307,1.3948544,4.341252,3.373118,2.4755473
308,1.3787587,4.095389,3.1981823,2.4153812
309,1.4665742,4.4873266,3.5048363,2.6048396
310,1.3518806,4.136012,3.2263527,2.4161675
311,1.5351948,4.4829154,3.5136695,2.6577885
312,1.1059146,3.8184345,2.9359899,2.1412725
313,1.0372617,4.0686483,3.0859299,2.1871293
314,1.339723,4.088382,3.2031713,2.392031
315,1.4809524,4.5019627,3.5044663,2.5917478
316,1.2820495,4.0288363,3.131119,2.3330693
317,1.2444513,4.267559,3.26992,2.3975377
318,1.280205,4.027331,3.1432185,2.344564
319,1.5093396,4.4596653,3.4895627,2.591245
320,1.3542364,4.043489,3.1592014,2.3628192
321,1.3157605,4.3347545,3.3239143,2.4390383
322,1.4085929,4.1264443,3.2434592,2.4323027
323,1.4530497,4.5124297,3.5578449,2.6182141
324,1.4286819,4.462544,3.4658866,2.5814345
325,1.2351761,3.9898355,3.092581,2.2714596
326,1.3003088,4.380204,3.39441,2.4947884
327,1.2807847,4.034953,3.1410577,2.343955
328,1.4164075,4.4433503,3.4570436,2.5566216
329,1.3537143,4.1092777,3.2159355,2.4056435
330,1.3587137,4.415423,3.4142785,2.513666
331,1.3571361,4.0709352,3.1769314,2.3945222
332,1.4028878,4.3924594,3.4054518,2.5319474
333,1.2678566,4.0398602,3.1324294,2.3221989
334,1.3320333,4.390141,3.376125,2.500628
335,1.2831489,4.0829883,3.2030404,2.3921535
336,1.0959988,4.069454,3.0972674,2.2233276
337,1.4330524,4.1840024,3.287067,2.5027597
338,1.4725528,4.479342,3.4885943,2.5993788
339,1.3019258,4.0905256,3.1815264,2.370419
340,1.4299183,4.460028,3.4449203,2.5716367
341,1.3737596,4.0923324,3.1972136,2.3857334
342,1.0728755,3.899848,2.9848163,2.1700196
343,1.2939928,4.239721,3.237872,2.4055374
344,1.3891807,4.145326,3.2582004,2.4444802
345,1.25224,4.242789,3.2538428,2.3784096
346,1.1136935,3.9404824,3.0383892,2.181709
347,1.4595556,4.4716406,3.4712315,2.5711071
348,1.2601572,4.018826,3.1161804,2.3159463
349,1.3778822,4.393215,3.4182417,2.5452693
350,1.1528795,3.9066718,3.0197,2.2068563
351,1.4200441,4.411751,3.4273217,2.5695982
352,1.2648643,3.9454558,3.0732129,2.2887785
353,1.3244622,4.3439283,3.3457851,2.4602513
354,1.2242182,3.96413,3.062997,2.2776148
355,1.229938,4.265311,3.2384303,2.3403242
356,1.2784966,4.017333,3.1298058,2.3306715
357,1.3928473,4.399094,3.4285176,2.5428426
358,1.3245887,4.078983,3.1770241,2.378113
359,1.3253568,4.3597302,3.347607,2.461861
360,1.2666417,4.033495,3.118161,2.3336337
361,1.3255838,4.3445354,3.38881,2.4758785
362,1.2512031,4.029347,3.1439865,2.3313515
363,1.3733236,4.3776054,3.3757858,2.501041
364,1.141502,3.9118233,3.0153008,2.2073026
365,1.31723,4.3286114,3.3280554,2.42752
366,1.1737809,3.9382467,3.0342934,2.2452555
367,1.5423621,4.549168,3.585524,2.696841
368,1.0828073,3.882688,2.9945846,2.166078
369,1.1676704,4.172648,3.1974428,2.3231192
370,1.2112218,3.9517295,3.0639246,2.2511067
371,1.1928427,4.195184,3.20822,2.3201168
372,1.0427376,3.7868464,2.8977258,2.1122205
373,1.5439113,4.507771,3.519021,2.6438808
374,1.2111273,3.9212253,3.0350728,2.235697
375,1.0553831,4.068634,3.0540385,2.1675596
376,1.086949,3.847747,2.9436874,2.157069
377,1.288034,4.2916927,3.3165972,2.456389
378,1.4337655,4.1967697,3.3075006,2.5194511
379,1.2357824,4.232701,3.2547529,2.3650093
380,1.4231907,4.1615963,3.2701442,2.4671729
381,1.4030125,4.405935,3.4169693,2.530544
382,1.188931,3.9541874,3.062363,2.2743313
383,1.3592365,4.39552,3.4332228,2.5296361
384,1.2880536,4.035244,3.1459281,2.3587794
385,1.3301433,4.34768,3.3454468,2.4577472
386,1.224857,3.9939258,3.0863822,2.2689116
387,1.258177,4.283304,3.2832303,2.4244745
388,1.0570238,3.8047647,2.8997135,2.1126075
389,1.1592964,4.1610894,3.1719928,2.297697
390,1.4271815,4.198423,3.2955384,2.48167
391,1.4964325,4.5084643,3.521474,2.6486115
392,1.402187,4.1653214,3.261035,2.4587836
393,1.0659151,4.080274,3.078488,2.1779306
394,1.1148525,3.861231,2.9712286,2.1703918
395,1.2740153,4.2891083,3.316488,2.4427595
396,1.4112649,4.1075144,3.230534,2.441716
397,1.2666754,4.2058325,3.2145529,2.3660314
398,1.14429,3.8762667,2.9579673,2.1719751
399,1.2933414,4.2838783,3.2798803,2.3923643
400,1.207408,3.9226186,3.042968,2.252809
401,1.4730592,4.46315,3.4609118,2.5997498
402,1.1616929,3.846889,2.968143,2.1650696
403,1.0966853,4.061089,3.0694625,2.1954727
404,1.0612963,3.7839327,2.8926458,2.0908732
405,1.0684053,4.057225,3.053378,2.179386
406,1.4060847,4.169515,3.2786632,2.490706
407,1.2863544,4.2567706,3.2694457,2.4096072
408,1.0736421,3.8180552,2.9156404,2.1146746
409,1.0972424,4.1289716,3.140576,2.2374146
410,1.1160622,3.8482003,2.9583843,2.1585774
411,1.1633682,4.21165,3.23691,2.333964
412,1.4369069,4.1474037,3.2829332,2.466622
413,1.3626356,4.4211903,3.4198945,2.5317266
414,1.3054404,4.074591,3.167449,2.3637805
415,1.0980886,4.1181793,3.1125247,2.2248383
416,1.100881,3.8479,2.9572315,2.1564674
417,1.1909993,4.136572,3.1621163,2.2753983
418,1.1424649,3.8593752,2.9697242,2.1699097
419,1.2482584,4.295238,3.3213062,2.3909035
420,1.2208266,3.9635494,3.0692444,2.2801943
421,1.125349,4.231459,3.2425733,2.312816
422,1.2719474,4.046259,3.170409,2.342215
423,1.4343448,4.4757013,3.469973,2.5923078
424,1.3821881,4.110607,3.2183104,2.4560106
425,1.0426872,4.0645585,3.0737264,2.1706865
426,1.0890522,3.7955291,2.9042592,2.130258
427,1.0655551,4.133646,3.1280246,2.1817474
428,1.4807492,4.1343846,3.2704785,2.4962325
429,1.4014157,4.463232,3.4725533,2.5294216
430,1.1024349,3.8186274,2.916533,2.1441343
431,0.98624945,4.0358906,3.045978,2.1149273
432,1.4496424,4.1423554,3.251226,2.4504821
433,1.2297231,4.190774,3.2165558,2.3132386
434,1.2307045,3.9201925,3.0309021,2.2574952
435,0.9715179,4.0024877,3.0144506,2.126364
436,1.4190623,4.1084056,3.232506,2.4592419
437,1.0418302,4.115176,3.1257746,2.2103481
438,1.4327475,4.1837587,3.2918727,2.5045187
439,1.1512648,4.2113423,3.1950753,2.2914164
440,1.3890448,4.109142,3.2179303,2.4165406
441,1.0952055,4.1117644,3.1073139,2.2334406
442,1.0817925,3.859254,2.9770012,2.2001503
443,1.1696323,4.161119,3.1863692,2.297479
444,1.1001884,3.8342433,2.9436677,2.143311
445,1.2425985,4.2339206,3.2257981,2.347624
446,1.2028843,3.9294226,3.0504022,2.2474298
447,1.3684005,4.372809,3.378547,2.514768
448,1.4358978,4.1018734,3.2093167,2.4359224
449,1.3542405,4.3864202,3.3634548,2.4849856
450,1.3537109,4.0872264,3.1907203,2.3998847
451,1.4741668,4.52265,3.532302,2.6714945
452,1.2055154,3.9757385,3.1112661,2.3358977
453,1.3361601,4.349004,3.3548653,2.4645932
454,1.4143627,4.1498218,3.252307,2.4478836
455,1.4305327,4.4398155,3.4605637,2.5710294
456,1.4381123,4.148206,3.2835524,2.4960585
457,1.2061601,4.185491,3.193124,2.3043275
458,1.5108798,4.250563,3.3291636,2.5546074
459,1.311826,4.2451954,3.250806,2.3721921
460,1.3956041,4.1377444,3.2434103,2.4264965
461,1.5176896,4.414337,3.437544,2.6168745
462,1.4034158,4.1665998,3.2911136,2.4883125
463,1.1879443,4.177353,3.1699815,2.3060548
464,1.431692,4.1542387,3.286587,2.4933531
465,1.3358188,4.3368096,3.3241498,2.4438624
466,1.3336724,4.0431666,3.151514,2.3776386
467,1.1832643,4.316815,3.3068027,2.3999484
468,1.3638554,4.049456,3.1817083,2.420509
469,1.403249,4.4132295,3.4078887,2.5318038
470,1.3981061,4.108313,3.2238646,2.4195015
471,1.1513671,4.1459827,3.143813,2.261558
472,1.2406682,3.9491272,3.0804353,2.289126
473,1.3804818,4.3420916,3.350106,2.4706025
474,1.5871773,4.2591887,3.3784592,2.6312773
475,1.3088021,4.297494,3.288637,2.4393737
476,1.4419932,4.16547,3.2827518,2.4898255
477,1.1980143,4.1552744,3.1674736,2.325527
478,1.1016685,3.837355,2.9496927,2.1540077
479,1.3834536,4.305499,3.324485,2.432916
480,1.148082,3.8784606,2.9982853,2.1798866
481,1.3808712,4.370305,3.361909,2.4839065
482,1.205036,3.9055994,3.0395067,2.2498605
483,1.2259699,4.2216277,3.230895,2.3700786
484,1.0831591,3.8359065,2.9381998,2.1453974
485,1.3976587,4.4536676,3.4526043,2.5444574
486,1.5201039,4.233719,3.3633747,2.5702662
487,1.4269409,4.433339,3.4374936,2.5454042
488,1.4436178,4.1581964,3.2676666,2.4986446
489,1.544876,4.4738564,3.5052872,2.6552727
490,1.4541103,4.1980376,3.3169987,2.5270426
491,1.2550738,4.2728066,3.2765489,2.3998518
492,1.2979047,4.1013284,3.2289093,2.4057548
493,1.2781775,4.2675867,3.2674866,2.4147747
494,1.2975312,4.035331,3.136728,2.3587668
495,1.3117278,4.299715,3.3062057,2.4417562
496,1.1350194,3.8418717,2.9726577,2.1682456
497,1.2220858,3.9597764,3.0615506,2.2695901
498,1.5148576,4.558762,3.5597014,2.6669269
499,1.3240862,4.3881783,3.3767316,2.4553888
500,1.2508639,3.987495,3.1034741,2.325875
501,1.0926886,3.8284073,2.9305072,2.138807
502,1.0636662,4.1068363,3.1055233,2.2260282
503,1.2188106,4.301702,3.2998686,2.3495317
504,1.3596238,4.0449505,3.1581755,2.365497
505,1.4211338,4.0937757,3.240237,2.4648726
506,1.198709,4.1856036,3.1625085,2.2712681
507,1.1001737,4.1202826,3.1237185,2.2029026
508,1.2223363,3.916293,3.0326946,2.2550893
509,1.1891178,3.918904,3.037111,2.2464347
510,1.4587679,4.537643,3.5593686,2.6688313
511,1.330753,4.3777843,3.379159,2.4462087
512,1.3754629,4.1450477,3.2657368,2.475673
513,1.3147801,4.0250354,3.1450233,2.3566048
514,1.4921893,4.491934,3.4997573,2.6211057
515,1.3867161,4.4858136,3.4894361,2.5423565
516,1.3936418,4.128539,3.2599385,2.4831297
517,1.0419198,4.071516,3.0778625,2.1575022
518,1.2053578,3.923652,3.0541582,2.2638152
519,1.3053222,4.366666,3.3560283,2.4356961
520,1.1178824,3.8319495,2.9509132,2.1753488
521,1.4802861,4.5589366,3.5466647,2.625729
522,1.161359,3.9117227,3.026516,2.2083402
523,1.282355,4.2953525,3.292513,2.3851838
524,1.1351767,3.827463,2.9425814,2.1523485
525,1.1590178,4.1701016,3.155531,2.2757516
526,1.1252805,3.8400452,2.9536197,2.1603122
527,1.233884,4.337193,3.3257928,2.3775074
528,1.2364024,3.9381528,3.0643096,2.2563443
529,1.3814507,4.400037,3.3970432,2.4867895
530,1.1163423,3.8476655,2.9643497,2.1879895
531,1.1734022,4.167697,3.1697714,2.2632942
532,1.3574405,4.0883684,3.2150388,2.4203742
533,1.261999,4.1904955,3.2379436,2.3617094
534,1.4073551,4.1915903,3.3009067,2.4895012
535,1.2132428,4.1785493,3.1962674,2.3302143
536,1.4155979,4.145187,3.2581296,2.4780457
537,1.1289483,4.134939,3.1233208,2.2324615
538,1.1052985,3.8387222,2.955642,2.1510394
539,1.3075951,4.309367,3.3269467,2.4633741
540,1.1919749,4.0335836,3.1179266,2.2821305
541,1.3945925,4.3950276,3.406517,2.5402048
542,1.2169781,3.930219,3.0504196,2.2548795
543,1.3795066,4.431027,3.406125,2.5200117
544,1.4448645,4.1306224,3.2719135,2.464591
545,1.2879673,4.4103312,3.398414,2.4560947
546,1.3365743,4.1185117,3.2515588,2.4090588
547,1.1288098,4.1529,3.16982,2.2750351
548,1.2617391,3.9613786,3.0834358,2.3006961
549,1.1417264,4.1705613,3.1583111,2.2563534
550,1.3586546,4.0997396,3.207152,2.413392
551,1.3912452,4.5110197,3.5060728,2.5746021
552,1.3064299,4.09861,3.2196267,2.4063456
553,1.4929794,4.5177455,3.522188,2.632773
554,1.1182346,3.835031,2.9558997,2.1578205
555,1.3619697,4.367403,3.3698833,2.4770083
556,1.3966022,4.1345506,3.248947,2.4566584
557,1.609835,4.592779,3.626492,2.737182
558,1.1394634,3.9694905,3.0815969,2.246434
559,1.2293502,4.188822,3.2003853,2.3490627
560,1.0682579,3.8310003,2.9275763,2.118916
561,1.1982256,4.1827307,3.1955307,2.3029895
562,1.1322719,3.9099243,3.0107834,2.1912334
563,1.2530385,4.3085938,3.3243916,2.4422724
564,1.2298067,4.061568,3.1637633,2.3306482
565,1.2546821,4.253259,3.2680569,2.3876538
566,1.2645016,3.9838974,3.0889475,2.2909563
567,1.1932237,4.249577,3.2684343,2.3511386
568,1.2937058,4.0134006,3.129324,2.3382952
569,1.2561605,4.4323416,3.415001,2.502149
570,1.4033545,4.1535993,3.265123,2.4710126
571,1.395968,4.4172816,3.4149094,2.5441124
572,1.2547108,3.9855,3.0965931,2.2899268
573,1.3622354,4.38477,3.3849218,2.4780846
574,1.1410009,3.889758,2.9995413,2.2052536
575,1.2103842,4.3471856,3.3422832,2.3880498
576,1.1515924,4.0793304,3.158214,2.2904873
577,1.345006,4.3015122,3.3107262,2.4387774
578,1.2143762,3.9712653,3.0927856,2.2814653
579,1.4067159,4.3960876,3.402237,2.531882
580,1.3455555,4.038023,3.1479723,2.3669982
581,1.3341532,4.28528,3.3295066,2.4771974
582,1.4737267,4.248463,3.3602931,2.5378153
583,1.1957195,4.171593,3.2022715,2.3380263
584,1.258229,3.959255,3.0798895,2.2967973
585,1.345161,4.3290176,3.3485622,2.4657178
586,1.3160907,4.028074,3.135941,2.338966
587,1.5714449,4.541881,3.5630622,2.7060323
588,1.3267404,4.0783467,3.19153,2.359275
589,1.43668,4.4068995,3.420638,2.5668576
590,1.3604602,4.0565,3.1820602,2.4212358
591,1.4834113,4.2113585,3.3322866,2.520958
592,1.2970811,4.314975,3.3314803,2.4417772
593,1.3420833,4.1711683,3.2493715,2.4382443
594,0.9944702,4.0397253,3.0150182,2.1406362
595,1.3744879,4.384521,3.3998597,2.5354192
596,1.2536609,4.051377,3.1315315,2.3346076
597,1.4547182,4.488012,3.48939,2.5999222
598,1.3436453,4.1316285,3.2519271,2.4261522
599,1.4423372,4.477508,3.4920442,2.5757701
600,1.3865352,4.1699,3.2788923,2.4414349
601,1.3576356,4.336511,3.3520901,2.44784
602,1.459507,4.2442193,3.3369024,2.5253618
603,1.2852316,4.2077403,3.2374058,2.374805
604,1.6256667,4.3417735,3.4631832,2.6515503
605,1.1060215,4.112431,3.0993843,2.2239544
606,1.3848739,4.169517,3.2624347,2.4518745
607,1.4556181,4.5188656,3.5340679,2.6314857
608,1.2984047,4.1854215,3.276195,2.4494634
609,1.5009669,4.5068903,3.5092168,2.6474369
610,1.520318,4.274168,3.3829286,2.5730114
611,1.0488638,4.1104455,3.0983808,2.1812525
612,1.4292616,4.1581717,3.2774005,2.4672909
613,1.5843475,4.562671,3.5783746,2.6749866
614,1.5472556,4.2721553,3.394468,2.5996366
615,1.2727602,4.292658,3.293324,2.4178522
616,1.4150665,4.1545672,3.263295,2.4667175
617,1.5542191,4.516765,3.5322862,2.6579366
618,1.4583471,4.1538854,3.2618055,2.4665565
619,1.3270063,4.330849,3.3469415,2.4711645
620,1.3421761,4.1266856,3.2320883,2.4363656
621,1.5216237,4.454145,3.469893,2.582115
622,1.4723617,4.207849,3.3177176,2.5226643
623,1.4702859,4.45749,3.474352,2.6001832
624,1.2399017,4.024071,3.1150475,2.3193378
625,1.3355293,4.323416,3.3258524,2.4101055
626,1.4121164,4.1218553,3.2281797,2.447945
627,1.5388271,4.5161233,3.5317516,2.670176
628,1.2711697,4.022947,3.1175234,2.3369958
629,1.4159156,4.3353057,3.3527086,2.477829
630,1.3989012,4.063233,3.188373,2.4071765
631,1.3568469,4.3453197,3.3488321,2.4882953
632,1.2695547,4.0104485,3.1175075,2.3348079
633,1.2584804,4.235417,3.2367857,2.3619618
634,1.2950641,4.0447097,3.182207,2.38821
635,1.4555585,4.4163957,3.4324129,2.5581045
636,1.5325493,4.2849917,3.3797863,2.5702586
637,1.48242,4.512307,3.5020652,2.585271
638,1.285831,4.0213704,3.1320124,2.3652818
639,1.443998,4.434405,3.4642293,2.5605488
640,1.3272762,4.0831037,3.2031093,2.3668716
641,1.1032172,4.1029735,3.106173,2.2041128
642,1.5313634,4.2869244,3.3923533,2.5694492
643,1.1441114,4.090856,3.1082432,2.2336204
644,1.3733437,4.114781,3.2196314,2.4110723
645,1.4219385,4.43928,3.4270575,2.5387402
646,1.4729453,4.2226343,3.319121,2.5385802
647,1.5657114,4.483146,3.513644,2.6392138
648,1.3397137,4.047708,3.171535,2.3910534
649,1.2718967,4.246302,3.262199,2.3738167
650,1.5157423,4.3077703,3.4038186,2.609238
651,1.4791796,4.4665146,3.483412,2.6233947
652,1.1684409,3.9345713,3.0420713,2.2340152
653,1.1996375,4.119911,3.1358035,2.288991
654,1.3254609,4.1043134,3.2000945,2.4055262
655,1.4526664,4.440199,3.4573803,2.5421388
656,1.1683291,3.9352527,3.0282097,2.2474933
657,1.2399491,4.203527,3.23307,2.3444684
658,1.3839952,4.108261,3.2167797,2.4073117
659,1.4671078,4.485643,3.4867802,2.6114864
660,1.4286846,4.182312,3.2905033,2.466692
661,1.3121245,4.3128953,3.315257,2.4276185
662,1.4137027,4.1788692,3.2600746,2.4930084
663,1.5237,4.5005393,3.5168154,2.6129677
664,1.4292605,4.1826377,3.291227,2.4959917
665,1.3813668,4.413165,3.4016042,2.4988458
666,1.3013105,4.0410633,3.1349487,2.3671331
667,1.3808373,4.342994,3.3587463,2.469287
668,1.2110281,3.977501,3.0730608,2.2916665
669,1.2134665,4.229777,3.2450385,2.3430488
670,1.4306903,4.1873026,3.292904,2.4826422
671,1.5080007,4.455459,3.4716733,2.5965095
672,1.3134724,4.010025,3.118156,2.350654
673,1.2968493,4.3156075,3.3173177,2.401026
674,1.446164,4.223435,3.340596,2.5273974
675,1.2169724,4.251463,3.2652998,2.3903794
676,1.2265184,4.064057,3.1589644,2.3079748
677,1.3145471,4.2777357,3.2792394,2.3898556
678,1.2691997,4.0560393,3.145712,2.3354087
679,1.4112055,4.4166245,3.4172413,2.52847
680,1.4594164,4.2307215,3.3361578,2.526488
681,1.1591969,4.134867,3.1499875,2.2481804
682,1.328508,4.1101184,3.2046354,2.408967
683,1.3126265,4.2919836,3.306378,2.4440455
684,1.1712317,3.9256437,3.0342376,2.2382922
685,1.2711065,4.196463,3.2245834,2.3479576
686,1.5967468,4.3229184,3.417306,2.6213748
687,1.5425466,4.5378184,3.550918,2.6612618
688,1.34372,4.1275673,3.2213404,2.4107258
689,1.1034148,4.153878,3.1534822,2.2639031
690,1.5784229,4.3029766,3.427311,2.6588924
691,1.4842188,4.4930067,3.49316,2.5897481
692,1.46066,4.2127223,3.3209777,2.51167
693,1.0478052,4.0703363,3.0710254,2.1526852
694,1.565488,4.3109875,3.415372,2.6321733
695,1.3102554,4.2582593,3.273497,2.3989086
696,1.3313068,4.0769925,3.18026,2.4118261
697,1.2556262,4.259993,3.2601924,2.3720894
698,1.5186826,4.235151,3.339456,2.5441217
699,1.5666461,4.517187,3.5314765,2.642334
700,1.3414844,4.0411615,3.1462882,2.3773284
701,1.3413742,4.3316727,3.3335602,2.4852228
702,1.4446644,4.1983604,3.278636,2.4970953
703,1.1692458,4.2462187,3.217916,2.313527
704,1.5456136,4.2852025,3.4077923,2.639906
705,1.5105549,4.519508,3.5189092,2.641769
706,1.2869784,4.048357,3.1384528,2.3543067
707,1.326591,4.308001,3.3068347,2.4168108
708,1.2860503,4.0835667,3.1629987,2.3662674
709,1.4802746,4.4901567,3.504007,2.6413352
710,1.5216995,4.2935905,3.412736,2.6298811
711,1.512706,4.495327,3.4932628,2.6446195
712,1.1284151,3.8985195,3.005906,2.1820052
713,1.1470543,4.1166162,3.1287174,2.2387958
714,1.4610143,4.2199435,3.3376482,2.5418086
715,1.1987273,4.180472,3.206873,2.331136
716,1.5058125,4.2346544,3.3421547,2.5730145
717,1.4131607,4.408759,3.4086573,2.5451748
718,1.1714138,3.9607852,3.0501888,2.2395117
719,1.2162651,4.18489,3.183084,2.3070183
720,1.1402667,4.008216,3.1156194,2.2910445
721,1.3142924,4.2824063,3.2966018,2.4335847
722,1.3292768,4.0986776,3.2068136,2.3971505
723,1.3855675,4.3551927,3.367181,2.4906185
724,1.2549894,4.0241456,3.1157427,2.3071945
725,1.5974827,4.5380373,3.5511158,2.6737764
726,1.3000038,4.069612,3.162818,2.3532689
727,1.2773904,4.2595453,3.2719972,2.409703
728,1.31415,4.083107,3.176481,2.3809016
729,1.4155881,4.341144,3.3687687,2.520368
730,1.3171285,4.045159,3.152726,2.342401
731,1.1912254,4.157546,3.1715422,2.3094537
732,1.2300807,3.9707851,3.07845,2.282771
733,1.0779475,4.1630077,3.1458976,2.240978
734,1.4913142,4.279243,3.4001336,2.6177156
735,1.0490636,4.0445714,3.0436275,2.1669033
736,1.2056925,3.945904,3.0613098,2.263173
737,1.4383795,4.4345455,3.4413388,2.5472846
738,1.393855,4.115056,3.2198236,2.435628
739,1.3333768,4.367221,3.3751266,2.4548554
740,1.6480142,4.296397,3.4158087,2.659638
741,1.03805,4.0434036,3.024997,2.1608608
742,1.4384907,4.1892796,3.2780812,2.4663174
743,0.93531007,4.108721,3.1038978,2.1414676
744,1.4922447,4.2260876,3.3315558,2.5345385
745,1.471389,4.5034766,3.51444,2.6209903
746,1.2308801,3.9750285,3.0680227,2.271414
747,1.159035,4.18408,3.1677673,2.3044868
748,1.4770036,4.207273,3.3147652,2.5177097
749,1.4543959,4.451241,3.477542,2.5738623
750,1.4637936,4.196364,3.2864149,2.5176349
751,1.1568965,4.1811476,3.1796517,2.3032694
752,1.437028,4.1828012,3.2888236,2.477881
753,1.4545997,4.4814816,3.4649322,2.573719
754,1.6152532,4.317824,3.424666,2.6421568
755,1.4556264,4.496658,3.4799635,2.561088
756,1.3481812,4.0945487,3.2006667,2.375636
757,1.2370992,4.3282976,3.3137,2.368934
758,1.2289135,3.9697502,3.0917363,2.3102267
759,1.2257236,4.2247243,3.221722,2.3166876
760,1.4051435,4.207508,3.2990618,2.4883275
761,1.071693,4.0783973,3.0775132,2.1748168
762,1.4059461,4.1830053,3.2877705,2.5037007
763,1.5926543,4.5730667,3.5992844,2.709728
764,1.5367858,4.2983384,3.41549,2.5908659
765,1.4241593,4.4214,3.4191208,2.5423687
766,1.2130313,3.9702451,3.0783005,2.294879
767,1.1805565,4.1840014,3.197849,2.3097394
768,1.3586733,4.1171775,3.2097704,2.399356
769,1.3771114,4.2958503,3.3381119,2.4509625
770,1.3458794,4.0934186,3.1988735,2.4008207
771,1.4339033,4.4221725,3.4223206,2.5347886
772,1.3304143,4.1008,3.1942692,2.411044
773,1.218098,4.3482065,3.3487375,2.3751352
774,1.4015929,4.0984836,3.220577,2.4255538
775,1.3327134,4.3618937,3.391049,2.489661
776,1.1859926,3.9405367,3.0472124,2.265585
777,1.1110597,4.116317,3.1162603,2.2270548
778,1.3603523,4.0189557,3.1391544,2.3699548
779,1.1407816,4.15721,3.1438503,2.2560067
780,1.491523,4.244509,3.3388772,2.5435443
781,1.1092054,4.2054415,3.2081354,2.279086
782,1.4458365,4.1609993,3.281101,2.5131686
783,1.2203777,4.2306576,3.2481456,2.360843
784,1.561581,4.2783237,3.3960707,2.6142914
785,1.0119616,4.0969176,3.0842023,2.1548214
786,1.3609042,4.1470037,3.268474,2.4575393
787,1.0973698,4.1092367,3.1112382,2.2103336
788,1.3578147,4.1391077,3.232889,2.4380326
789,1.3318168,4.327148,3.3159237,2.4441454
790,1.4025937,4.1854243,3.2939239,2.5111103
791,1.6296567,4.5681624,3.5867932,2.7011151
792,1.5668534,4.28065,3.3880777,2.6059206
793,1.4737844,4.48489,3.5024607,2.6153107
794,1.3406603,4.1075325,3.2019808,2.4209287
795,1.4141856,4.4927444,3.4968078,2.5964448
796,1.2965461,4.08989,3.198957,2.3898187
797,1.2331418,4.278133,3.2707176,2.3995996
798,1.1846982,3.955896,3.0491827,2.2530806
799,1.3032646,4.3081174,3.3141203,2.4424598
800,1.3608394,4.1638136,3.2545552,2.443585
801,1.5033243,4.4702616,3.5029368,2.616921
802,1.3435422,4.0769396,3.1785922,2.3962014
803,1.3314568,4.350223,3.3430636,2.4848106
804,1.2707523,4.0279417,3.1077394,2.3113115
805,1.387208,4.378865,3.370531,2.484495
806,1.2257546,4.008706,3.1023548,2.3197439
807,1.289669,4.312516,3.3160896,2.4026854
808,1.298823,4.0384054,3.1178968,2.309627
809,1.3597016,4.254601,3.245286,2.3743405
810,1.3878208,4.0865736,3.1944478,2.4123847
811,1.3743583,4.3068733,3.3136964,2.4702244
812,1.518344,4.2416286,3.33596,2.5552046
813,1.6275746,4.51947,3.5247874,2.6547408
814,1.4153005,4.105729,3.2091246,2.4256933
815,1.4153646,4.3772492,3.3825011,2.5400724
816,1.2692983,4.053276,3.1612964,2.3512223
817,1.3294753,4.4194207,3.4235916,2.5247934
818,1.1966012,3.9952543,3.116282,2.334215
819,1.1509924,4.1386876,3.1451163,2.2611957
820,1.1130155,3.884332,2.976415,2.1800086
821,1.0249058,4.028376,3.0329301,2.1628942
822,1.1279105,3.8976903,2.9899685,2.1799383
823,1.1770642,4.113838,3.1458151,2.246578
824,1.3294417,4.086981,3.1794856,2.3966255
825,1.0695182,4.090614,3.0814204,2.224399
826,1.1136162,3.8857083,2.9924448,2.1960235
827,1.204694,4.2439055,3.2462158,2.357949
828,1.3302511,4.03705,3.1535308,2.356677
829,1.3587223,4.3939033,3.3980677,2.5116832
830,1.4302409,4.1776805,3.2799757,2.4978516
831,1.1226046,4.156564,3.1604793,2.2609491
832,1.1372364,3.947093,3.0689144,2.2313821
833,1.2887611,4.277887,3.2830513,2.4252465
834,1.1681675,3.9663918,3.0581937,2.2491837
835,1.0663728,4.0691085,3.0883822,2.1894572
836,1.3557869,4.271323,3.3910842,2.5240958
837,1.122911,4.1297145,3.1469223,2.260609
838,1.2857143,4.0844455,3.1763608,2.3386023
839,1.3728625,4.3638697,3.3818426,2.5237134
840,1.3262862,4.1386476,3.2464616,2.4223082
841,1.4705868,4.4611845,3.4815602,2.6105824
842,1.1684843,3.966112,3.0735488,2.249838
843,1.2619389,4.280537,3.28527,2.4275925
844,1.0840719,3.9423263,3.047119,2.208232
845,1.0949455,4.1276627,3.1195316,2.247612
846,1.2243268,3.9772773,3.0706818,2.2886648
847,1.3570745,4.3876815,3.3943725,2.4963675
848,1.1101967,3.9806082,3.0721514,2.2475421
849,1.1761525,4.2085137,3.1997857,2.3280792
850,1.2110729,3.9825292,3.0752327,2.2509096
851,1.1084255,4.139936,3.1440077,2.218717
852,1.1418368,3.8418515,2.947585,2.1796448
853,1.214422,4.2049885,3.2100585,2.3396103
854,1.3120158,4.0673814,3.1600196,2.3496795
855,1.2460835,4.3356094,3.3271027,2.428464
856,1.3704948,4.11171,3.2037277,2.4219377
857,1.2284352,4.229389,3.2354176,2.3246431
858,1.2416286,3.9431345,3.0480447,2.2654026
859,1.1616087,4.217347,3.224081,2.3126585
860,1.1812863,3.9034622,3.0120664,2.2175672
861,1.0204545,4.1050854,3.0969055,2.15786
862,1.5764437,4.2443233,3.365999,2.5849266
863,1.133434,4.1615467,3.1691616,2.2573252
864,1.1547806,3.8928006,2.9871664,2.2056627
865,1.0494292,4.0867405,3.1079757,2.1850154
866,1.1667744,3.9620426,3.0557976,2.2607427
867,1.0509564,4.118196,3.1125665,2.1740854
868,1.1817755,3.9084573,3.0153837,2.220001
869,1.1744705,4.2147264,3.2214344,2.339422
870,1.4286096,4.1403346,3.2332275,2.4654016
871,1.1193529,4.0905414,3.0971253,2.2012296
872,1.399508,4.012291,3.133859,2.3794315
873,1.2037029,4.1882176,3.1668518,2.2709448
874,1.2808362,3.977332,3.0705774,2.3036435
875,1.1180022,4.185035,3.1778576,2.2408142
876,1.0219625,4.0601954,3.0540686,2.1721935
877,1.3392608,4.0539384,3.1571543,2.3754046
878,1.1607227,4.1722655,3.1790087,2.2970388
879,1.2503886,3.9971807,3.1132252,2.3171828
880,1.5478297,4.530525,3.5521407,2.629044
881,1.3364404,4.078498,3.1673386,2.3720148
882,1.46517,4.462698,3.4704204,2.5743332
883,1.1927669,3.9652681,3.0544386,2.2296474
884,1.2862989,4.2732344,3.292972,2.4105577
885,1.2364573,3.93778,3.0542893,2.2452638
886,1.3381431,4.292803,3.3291464,2.4734719
887,1.2195389,3.896895,3.0200183,2.2258308
888,1.0361743,4.0599637,3.0550234,2.1589308
889,1.2925998,4.070776,3.1647422,2.356774
890,1.4079329,4.3615365,3.382333,2.5147278
891,1.3946229,4.087491,3.2101264,2.4162772
892,1.2716691,4.285992,3.2932262,2.40931
893,1.2513647,4.017166,3.109949,2.3286304
894,1.2544457,4.375896,3.3835511,2.44505
895,1.3222337,4.017909,3.1528502,2.3444455
896,1.4092963,4.435738,3.4425342,2.5594642
897,1.2507557,4.03112,3.1379547,2.328822
898,1.3260401,4.364933,3.3727107,2.489525
899,1.2935691,4.102352,3.209435,2.386356
900,1.4649712,4.5039463,3.4969053,2.6014218
901,1.3832536,4.122606,3.2298672,2.448196
902,1.0651969,4.095824,3.0880451,2.1895137
903,1.3671795,4.206272,3.3136404,2.475726
904,1.4807603,4.495172,3.5029593,2.6464496
905,1.3084085,4.0734487,3.195437,2.3729916
906,1.3650364,4.434261,3.4417799,2.5575168
907,1.2641839,4.0312457,3.13835,2.3430667
908,1.2571914,4.2696447,3.2764606,2.3942208
909,1.2513078,4.003391,3.0967524,2.2878616
910,1.3838357,4.398806,3.420056,2.5500715
911,1.1499738,3.9717245,3.0800393,2.2708879
912,1.4402161,4.469799,3.4903786,2.6196055
913,1.2789114,4.033053,3.139359,2.329916
914,1.3008287,4.3298244,3.309056,2.452828
915,1.4108994,4.3969555,3.4181342,2.5079682
916,1.280316,4.0256333,3.1281126,2.3315578
917,1.0558214,4.0639095,3.0808444,2.1948323
918,1.3159379,4.186087,3.2987986,2.471241
919,1.3572248,4.388048,3.4080598,2.497092
920,1.1959001,3.9460425,3.0459971,2.2623575
921,1.3457298,4.3658466,3.3855557,2.48616
922,1.3010032,4.0859804,3.170494,2.3557727
923,1.232295,4.3653827,3.3544648,2.4278913
924,1.3882179,4.144697,3.2435648,2.4442892
925,1.0979239,4.1226974,3.124875,2.2390888
926,1.3897861,4.1615095,3.260492,2.4459722
927,1.1520302,4.1717925,3.162522,2.3047388
928,1.374499,4.1018195,3.2006989,2.4144232
929,1.5837157,4.552912,3.5686467,2.695112
930,1.4357396,4.1802697,3.277587,2.4914625
931,1.2346872,4.2567945,3.2600775,2.359486
932,1.2001722,3.9347284,3.0513926,2.254528
933,1.2476914,4.169948,3.1880996,2.3449502
934,1.1842219,3.8601499,2.9927466,2.2100954
935,1.1256422,4.10428,3.0942705,2.237563
936,1.4465089,4.195175,3.285504,2.4882298
937,1.4412144,4.476808,3.4954183,2.623034
938,1.3587397,4.05313,3.1691236,2.3984096
939,1.2611588,4.2670007,3.2703197,2.3856795
940,1.1380898,3.884372,2.9883323,2.1918087
941,1.1483967,4.1817484,3.185227,2.2871287
942,1.2501386,4.0098853,3.1139462,2.302943
943,1.3363899,4.281303,3.3006647,2.431598
944,1.2792813,3.9819672,3.0850694,2.2882333
945,1.2152671,4.2183185,3.2231157,2.3394213
946,1.3804402,4.111221,3.2155514,2.4054327
947,1.3683294,4.4528527,3.4579499,2.5743082
948,1.249694,4.0781345,3.197237,2.3733573
949,1.2699765,4.274838,3.2768679,2.4059415
950,1.3238255,4.0674205,3.1717396,2.3763266
951,1.3834213,4.429269,3.4197352,2.5494304
952,1.2084355,3.9684448,3.072848,2.275812
953,1.2559085,4.315197,3.3335025,2.4077518
954,1.2514154,4.0118437,3.1305702,2.3189864
955,1.2458857,4.2774234,3.2683434,2.3982139
956,1.3410486,4.087686,3.1772673,2.4070594
957,1.1081836,4.1314216,3.1211944,2.2346573
958,1.2978312,4.058608,3.1615598,2.3648052
959,1.3701713,4.3215675,3.3245935,2.4394228
960,1.1821079,3.8736737,2.9905062,2.207112
961,1.0508423,4.079356,3.0843728,2.1741254
962,1.4426508,4.2047696,3.2940035,2.5099156
963,1.2042165,4.207549,3.1979923,2.3278587
964,1.0244378,3.8701994,2.974362,2.1764534
965,1.2739928,4.2806864,3.283115,2.3843975
966,1.1269381,3.8781714,2.9800458,2.2097495
967,1.0664355,4.0643587,3.078781,2.1933506
968,1.1145704,3.878786,2.9668412,2.1686697
969,1.106678,4.116008,3.1333203,2.2605546
970,1.2861617,4.053791,3.1690755,2.3553684
971,1.2083899,4.2335405,3.2370164,2.363743
972,1.2019831,3.9420855,3.0566213,2.2438726
973,1.278757,4.2762012,3.2914593,2.419333
974,1.1366296,3.9125502,3.0302613,2.2184064
975,1.3074937,4.324836,3.3560421,2.4577394
976,1.2394353,4.0357103,3.1652255,2.3516803
977,1.1894959,4.2078648,3.225229,2.3275924
978,1.0575597,3.8273125,2.9270816,2.142199
979,1.1481967,4.164702,3.1554937,2.2724442
980,1.1391197,3.888785,3.0045366,2.2069576
981,1.1994196,4.1945477,3.2237294,2.3511853
982,1.3417119,4.089445,3.2218955,2.424425
983,1.4683582,4.4720693,3.4907944,2.5928626
984,1.1543218,3.9164095,3.0200303,2.208852
985,1.3861978,4.396582,3.397517,2.524233
986,1.287249,3.9961267,3.097355,2.313259
987,1.3854349,4.3660903,3.3958867,2.5522165
988,1.2402885,3.9746537,3.092054,2.2797396
989,1.1521094,4.13087,3.119182,2.2615204
990,1.1705035,3.9341428,3.0362968,2.2370887
991,1.2058113,4.201801,3.2182705,2.3181987
992,1.3893317,4.117086,3.231548,2.4459927
993,1.1657915,4.105101,3.1211512,2.2500372
994,1.405258,4.1009426,3.2173228,2.4323215
995,1.136935,4.145424,3.1484778,2.2630079
996,1.0278224,3.7916617,2.8940458,2.083001
997,1.0645224,4.1819396,3.1853547,2.2455306
998,1.0405004,3.8627076,2.9658916,2.1390045
999,1.152094,4.1735215,3.1771088,2.2916622
1000,1.2574956,4.013359,3.1275136,2.328475
1001,1.3570793,4.3655295,3.3696282,2.4698663
1002,1.255929,4.005662,3.1206572,2.294796
1003,1.4563153,4.50821,3.5253003,2.6392517
1004,1.1984484,3.9663248,3.0958798,2.2823284
1005,1.2066833,4.230239,3.2327356,2.3595634
1006,1.4298564,4.1797156,3.2952495,2.4842153
1007,1.0406888,4.0603623,3.0638876,2.1935775
1008,1.054968,3.8894696,2.9918075,2.151655
1009,1.1635146,4.1981177,3.21509,2.315581
1010,1.1552726,3.917963,3.006781,2.2091105
1011,1.343316,4.3698835,3.3701935,2.482591
1012,1.3724788,4.0943513,3.210676,2.4119096
1013,1.3711278,4.5486107,3.538383,2.5541954
1014,1.3722662,4.122861,3.2537806,2.455386
1015,0.982903,4.0332785,3.0350323,2.1218812
1016,1.1596668,3.8580825,2.9730198,2.2018847
1017,1.0935913,4.1289043,3.1311338,2.2313278
1018,1.3278277,4.0077477,3.1233573,2.3400807
1019,1.3001132,4.2956386,3.326488,2.439701
1020,1.5658603,4.189024,3.3046744,2.5629792
1021,1.1361976,4.1596313,3.1622894,2.2901385
1022,1.2582546,3.9675632,3.0830488,2.3124018
1023,1.1604544,4.21192,3.2129204,2.3124583
1024,1.0994725,3.8218448,2.938036,2.167889
1025,0.98527896,4.0639367,3.038845,2.13959
1026,1.4629873,4.1731105,3.287284,2.5035024
1027,1.5157297,4.556043,3.544097,2.656604
1028,1.2561997,3.9510784,3.0663326,2.2953207
1029,1.4118115,4.3483496,3.3655717,2.4950051
1030,1.242268,3.936631,3.0525022,2.2686918
1031,1.1355091,4.119862,3.1356347,2.249626
1032,1.1855031,3.9077518,3.023845,2.2252111
1033,1.2072124,4.229683,3.2467725,2.375393
1034,1.0683535,3.9027534,3.0050828,2.1934664
1035,1.2199166,4.205012,3.2044072,2.3577218
1036,1.3146361,4.0514297,3.1530037,2.3691595
1037,1.5483524,4.5362334,3.549152,2.6482475
1038,1.2429099,3.9813292,3.0969663,2.297471
1039,1.5725371,4.500723,3.5178142,2.6310225
1040,1.3867723,4.095647,3.2263086,2.4551504
1041,1.1941009,4.221301,3.2078156,2.2941322
1042,1.3865637,4.0823183,3.2117958,2.4274337
1043,1.5546346,4.553876,3.5682042,2.6674592
1044,1.385762,4.096502,3.2116838,2.427075
1045,1.5427473,4.5279603,3.5294983,2.6559343
1046,1.2431754,3.9527607,3.067351,2.2830768
1047,1.0849735,4.074063,3.1014626,2.2557518
1048,1.3735788,4.126937,3.2273297,2.4426374
1049,1.6370205,4.564897,3.5797646,2.707254
1050,1.3141772,4.038886,3.1396315,2.3542712
1051,1.4295522,4.4267426,3.4286132,2.5703776
1052,1.0995831,3.8529398,2.9537876,2.1422143
1053,1.1783592,4.132329,3.1623418,2.3176465
1054,1.3269314,3.9794118,3.1228757,2.3392234
1055,1.2342057,4.24919,3.2490551,2.3758612
1056,1.2322242,3.9187586,3.0319576,2.2454634
1057,1.1751378,4.198511,3.1983855,2.3260565
1058,1.4430882,4.151174,3.2674525,2.4688306
1059,1.358543,4.4274073,3.4292738,2.541387
1060,1.328039,3.994888,3.1240592,2.3682795
1061,1.2193238,4.2037973,3.2065542,2.317997
1062,1.2995067,3.9815886,3.097006,2.312712
1063,1.1802471,4.192543,3.1934342,2.3072073
1064,1.2298619,3.941033,3.0550375,2.2840002
1065,1.5710412,4.459035,3.5022776,2.684361
1066,1.2134343,3.9096086,3.0245068,2.2679079
1067,1.164212,4.1348796,3.161001,2.2893002
1068,1.3453557,4.0610137,3.1740348,2.3747296
1069,1.4552753,4.4641175,3.4655023,2.6079345
1070,1.1830832,4.0086713,3.1088078,2.2954903
1071,1.3597525,4.3313537,3.3452706,2.4868922
1072,1.1529989,4.179902,3.1664622,2.266126
1073,1.3191359,4.0369678,3.1348758,2.3624592
1074,1.5585368,4.551001,3.5621188,2.6730933
1075,1.2602087,3.9774323,3.0899124,2.302402
1076,1.264945,4.1689777,3.1828344,2.336888
1077,1.3602957,4.0455737,3.1595166,2.387528
1078,1.2658238,4.2267094,3.2270641,2.3648117
1079,1.3631886,4.1093755,3.207138,2.4343693
1080,1.5308703,4.530978,3.5305474,2.6722066
1081,1.405256,4.1359096,3.2477524,2.4476511
1082,1.3901148,4.437796,3.4338892,2.5600798
1083,1.0406947,3.872149,2.9840112,2.1548605
1084,1.4621907,4.454254,3.452028,2.590922
1085,1.2472354,3.966448,3.0768175,2.303777
1086,1.1978142,3.9438145,3.0694199,2.2547195
1087,1.5149132,4.5551667,3.5418632,2.6422012
1088,1.2473121,4.278274,3.277103,2.3739629
1089,1.4223342,4.128691,3.2524025,2.4657838
1090,1.2005618,3.9293756,3.0417886,2.255798
1091,1.5044727,4.554659,3.5520213,2.6481674
1092,1.4969463,4.5369024,3.5214264,2.6203966
1093,1.4167696,4.1312504,3.272926,2.5013382
1094,1.4465264,4.147942,3.2742527,2.5021205
1095,1.4024476,4.387343,3.3878112,2.5293705
1096,1.159745,4.246028,3.2167897,2.2857518
1097,1.3151629,4.0171866,3.128894,2.3708272
1098,1.4605294,4.1023555,3.243401,2.4721024
1099,1.2048675,4.1942954,3.1900363,2.316463
1100,1.4412367,4.485643,3.4559178,2.5803783
1101,1.2014,3.917088,3.0138574,2.2149532
1102,1.2867998,3.9897702,3.1002743,2.3276029
1103,1.4444011,4.529199,3.5139477,2.5851974
1104,1.5109605,4.557099,3.553292,2.6249182
1105,1.429115,4.130667,3.24275,2.4700632
1106,1.1054975,4.236188,3.2044992,2.2587147
1107,1.3150918,4.075591,3.201197,2.3866029
1108,1.4985728,4.4913354,3.4992387,2.569547
1109,1.284913,3.9730625,3.0978813,2.3125668
1110,1.3034617,4.349675,3.3460433,2.4168098
1111,1.14056,3.842806,2.9684389,2.1678774
1112,1.1481308,4.2376313,3.232542,2.2889173
1113,1.0550195,3.853107,2.9662585,2.1663854
1114,1.1214914,4.1226645,3.1209536,2.2475266
1115,1.4428303,4.1720285,3.2695744,2.4557247
1116,1.1314565,4.1420536,3.1552274,2.2415051
1117,1.3572041,4.070691,3.1967587,2.3837278
1118,1.4097277,4.419397,3.4194014,2.5062163
1119,1.0670822,3.8839555,2.9944758,2.1653118
1120,1.2756919,4.265923,3.277711,2.361086
1121,1.4429469,4.17146,3.269071,2.4836123
1122,1.5944138,4.5752044,3.5909524,2.7590077
1123,1.0964826,3.8257594,2.9376788,2.12315
1124,1.4017156,4.434268,3.4588654,2.5427206
1125,1.1082666,3.9328747,3.0456555,2.2182248
1126,1.357154,4.345589,3.3431103,2.4551582
1127,1.242201,3.9715729,3.0833948,2.2957072
1128,1.3416286,4.3134856,3.352678,2.4806805
1129,1.3443735,4.0459228,3.185034,2.3856003
1130,1.1532153,4.1633935,3.1857572,2.3098261
1131,1.4303985,4.192547,3.317297,2.4884408
1132,1.3735039,4.3804617,3.404167,2.5148125
1133,1.2155615,3.950834,3.0601861,2.2585082
1134,1.2898676,4.3110414,3.3069553,2.4311583
1135,1.229578,3.947066,3.0566278,2.2566485
1136,1.137373,4.231108,3.2278838,2.297219
1137,1.3723795,4.1471524,3.2718542,2.4709587
1138,1.368921,4.3765025,3.3977544,2.523149
1139,1.1252884,3.865346,2.978361,2.1648662
1140,1.4578856,4.4623904,3.4720042,2.5982196
1141,1.086196,3.818218,2.9291956,2.1280735
1142,1.1366127,4.2354627,3.226187,2.3088825
1143,1.2002813,3.9760008,3.1151571,2.328571
1144,1.4011457,4.381491,3.3907409,2.5283465
1145,1.3425857,4.0988326,3.2248,2.3976245
1146,1.4861896,4.4368095,3.4460163,2.598834
1147,1.458236,4.2141094,3.3270998,2.4989798
1148,1.3438725,4.380397,3.3743854,2.4995484
1149,1.0096599,3.866367,2.9493868,2.0930817
1150,1.2324339,4.2512264,3.2485824,2.3455677
1151,1.3429666,4.086433,3.1971884,2.3831131
1152,1.4289358,4.431172,3.4305499,2.5556347
1153,1.1831287,3.940441,3.051017,2.2361555
1154,1.3312832,4.390756,3.3863733,2.484252
1155,1.1845518,3.98736,3.0969014,2.2551017
1156,1.1623585,4.1944003,3.2038393,2.2750645
1157,1.2267205,3.9691944,3.0806782,2.280799
1158,1.4796101,4.510555,3.5349226,2.619104
1159,1.1993493,3.9435334,3.0540628,2.2546422
1160,1.2973453,4.382228,3.3810172,2.478291
1161,1.0284678,3.8566103,2.9691875,2.1419437
1162,1.2159206,4.2470794,3.2575405,2.3548477
1163,1.2543683,3.9959834,3.0930789,2.3076687
1164,1.4538677,4.443091,3.4550192,2.580776
1165,1.2158616,3.9554112,3.061937,2.2602324
1166,1.5963894,4.577236,3.612588,2.7383816
1167,1.1713374,3.9931412,3.1155353,2.257269
1168,1.4996371,4.4344788,3.4449475,2.5702188
1169,1.1990165,3.890825,2.999729,2.2120676
1170,1.5584468,4.4695373,3.4755728,2.629062
1171,1.2141168,3.9089224,3.0157976,2.241748
1172,1.372742,4.3656154,3.373408,2.5126915
1173,1.2971642,4.089113,3.1823838,2.3526375
1174,1.504276,4.4444633,3.4641395,2.6028636
1175,1.3998042,4.133696,3.2273374,2.4398184
1176,1.5160309,4.472337,3.4625535,2.615868
1177,1.2410055,3.950405,3.0580833,2.2840176
1178,1.6266395,4.553234,3.5750403,2.7409952
1179,1.3229645,4.0551653,3.1728783,2.354362
1180,1.165236,4.206429,3.2128446,2.2935467
1181,1.1380616,3.8792973,2.9790273,2.1866286
1182,1.0190188,4.073861,3.072841,2.1238732
1183,1.0584475,3.9026384,3.0058494,2.1454954
1184,1.481708,4.474928,3.4926353,2.6281102
1185,1.4487512,4.189886,3.308529,2.4925601
1186,1.4654517,4.5165825,3.5180514,2.6387029
1187,1.4237777,4.143082,3.2456124,2.454416
1188,1.4483892,4.5043387,3.4827461,2.5640938
1189,1.4634233,4.165184,3.291314,2.518856
1190,1.4406273,4.470331,3.4670658,2.5524597
1191,1.3169582,4.0696383,3.175871,2.3756158
1192,1.38422,4.4118414,3.410693,2.5367708
1193,1.1708899,3.898677,3.0104024,2.239052
1194,1.5288553,4.561365,3.5570443,2.6689885
1195,1.0962112,3.9124467,3.009418,2.1804104
1196,1.3980561,4.4321337,3.41325,2.5236654
1197,1.1440969,3.8764505,2.9740264,2.17311
1198,1.3296677,4.402455,3.3855715,2.4705312
