run order,250pgWet,SC,DM
1,#N/A,3939,#N/A
2,#N/A,4479,#N/A
3,#N/A,4298,#N/A
4,#N/A,4291,#N/A
5,#N/A,3272,#N/A
6,#N/A,4328,#N/A
7,#N/A,5167,#N/A
8,#N/A,4122,#N/A
9,#N/A,4538,#N/A
10,#N/A,4430,#N/A
11,#N/A,4215,#N/A
12,#N/A,4746,#N/A
13,#N/A,2708,#N/A
14,#N/A,4241,#N/A
15,#N/A,4564,#N/A
16,#N/A,3789,#N/A
17,#N/A,4084,#N/A
18,#N/A,3685,#N/A
19,5127,#N/A,#N/A
20,5201,#N/A,#N/A
21,#N/A,#N/A,386
22,#N/A,#N/A,229
23,#N/A,4657,#N/A
24,#N/A,4021,#N/A
25,#N/A,4486,#N/A
26,#N/A,4304,#N/A
27,#N/A,4415,#N/A
28,#N/A,2988,#N/A
29,#N/A,1113,#N/A
30,#N/A,4757,#N/A
31,#N/A,4036,#N/A
32,#N/A,3817,#N/A
33,#N/A,3983,#N/A
34,#N/A,3922,#N/A
35,#N/A,4061,#N/A
36,#N/A,481,#N/A
37,#N/A,4469,#N/A
38,#N/A,4436,#N/A
39,#N/A,3960,#N/A
40,#N/A,4225,#N/A
41,5180,#N/A,#N/A
42,5085,#N/A,#N/A
43,#N/A,#N/A,607
44,#N/A,#N/A,374
45,#N/A,4594,#N/A
46,#N/A,4006,#N/A
47,#N/A,4285,#N/A
48,#N/A,4183,#N/A
49,#N/A,4739,#N/A
50,#N/A,4434,#N/A
51,#N/A,4520,#N/A
52,#N/A,4088,#N/A
53,#N/A,4625,#N/A
54,#N/A,4442,#N/A
55,#N/A,3821,#N/A
56,#N/A,4673,#N/A
57,#N/A,4572,#N/A
58,#N/A,4445,#N/A
59,#N/A,429,#N/A
60,#N/A,3931,#N/A
61,#N/A,4696,#N/A
62,#N/A,4902,#N/A
63,5236,#N/A,#N/A
64,5226,#N/A,#N/A
65,#N/A,#N/A,465
66,#N/A,#N/A,274
67,#N/A,4453,#N/A
68,#N/A,4001,#N/A
69,#N/A,3583,#N/A
70,#N/A,4518,#N/A
71,#N/A,3875,#N/A
72,#N/A,4291,#N/A
73,#N/A,4422,#N/A
74,#N/A,2790,#N/A
75,#N/A,542,#N/A
76,#N/A,4501,#N/A
77,#N/A,4361,#N/A
78,#N/A,4005,#N/A
79,#N/A,420,#N/A
80,#N/A,4622,#N/A
81,#N/A,4133,#N/A
82,#N/A,4052,#N/A
83,#N/A,4606,#N/A
84,#N/A,4127,#N/A
85,5046,#N/A,#N/A
86,5210,#N/A,#N/A
87,#N/A,#N/A,581
88,#N/A,#N/A,347
89,#N/A,3958,#N/A
90,#N/A,4089,#N/A
91,#N/A,1912,#N/A
92,#N/A,4291,#N/A
93,#N/A,3859,#N/A
94,#N/A,4572,#N/A
95,#N/A,3978,#N/A
96,#N/A,4736,#N/A
97,#N/A,4386,#N/A
98,#N/A,4104,#N/A
99,#N/A,4213,#N/A
100,#N/A,4569,#N/A
101,#N/A,4364,#N/A
102,#N/A,5006,#N/A
103,#N/A,4060,#N/A
104,#N/A,4394,#N/A
105,#N/A,4149,#N/A
106,#N/A,607,#N/A
107,5119,#N/A,#N/A
108,4867,#N/A,#N/A
109,#N/A,#N/A,436
110,#N/A,#N/A,342
111,#N/A,4477,#N/A
112,#N/A,4376,#N/A
113,#N/A,4692,#N/A
114,#N/A,4111,#N/A
115,#N/A,4530,#N/A
116,#N/A,4503,#N/A
117,#N/A,4322,#N/A
118,#N/A,4684,#N/A
119,#N/A,3788,#N/A
120,#N/A,4449,#N/A
121,#N/A,3601,#N/A
122,#N/A,4263,#N/A
123,#N/A,4374,#N/A
124,#N/A,3257,#N/A
125,#N/A,3956,#N/A
126,#N/A,4558,#N/A
127,#N/A,4094,#N/A
128,#N/A,835,#N/A
129,5031,#N/A,#N/A
130,5098,#N/A,#N/A
131,#N/A,#N/A,485
132,#N/A,#N/A,448
133,#N/A,4149,#N/A
134,#N/A,3885,#N/A
135,#N/A,4303,#N/A
136,#N/A,1683,#N/A
137,#N/A,4209,#N/A
138,#N/A,4876,#N/A
139,#N/A,681,#N/A
140,#N/A,3050,#N/A
141,#N/A,4423,#N/A
142,#N/A,4833,#N/A
143,#N/A,4643,#N/A
144,#N/A,4104,#N/A
145,#N/A,4437,#N/A
146,#N/A,467,#N/A
147,#N/A,4355,#N/A
148,#N/A,4558,#N/A
149,#N/A,4488,#N/A
150,#N/A,4413,#N/A
151,5031,#N/A,#N/A
152,5012,#N/A,#N/A
153,#N/A,#N/A,575
154,#N/A,#N/A,222
155,#N/A,3797,#N/A
156,#N/A,4028,#N/A
157,#N/A,4063,#N/A
158,#N/A,3944,#N/A
159,#N/A,4375,#N/A
160,#N/A,4549,#N/A
161,#N/A,4279,#N/A
162,#N/A,4669,#N/A
163,#N/A,4713,#N/A
164,#N/A,3862,#N/A
165,#N/A,777,#N/A
166,#N/A,4791,#N/A
167,#N/A,4201,#N/A
168,#N/A,4598,#N/A
169,#N/A,4179,#N/A
170,#N/A,4050,#N/A
171,#N/A,4625,#N/A
172,#N/A,3970,#N/A
173,4957,#N/A,#N/A
174,5007,#N/A,#N/A
175,#N/A,#N/A,549
176,#N/A,#N/A,386
177,#N/A,3814,#N/A
178,#N/A,4173,#N/A
179,#N/A,3839,#N/A
180,#N/A,531,#N/A
181,#N/A,4492,#N/A
182,#N/A,4255,#N/A
183,#N/A,4136,#N/A
184,#N/A,4039,#N/A
185,#N/A,4164,#N/A
186,#N/A,4465,#N/A
187,#N/A,4383,#N/A
188,#N/A,4258,#N/A
189,#N/A,1924,#N/A
190,#N/A,4661,#N/A
191,#N/A,4388,#N/A
192,#N/A,3576,#N/A
193,#N/A,4212,#N/A
194,#N/A,4196,#N/A
195,4995,#N/A,#N/A
196,5063,#N/A,#N/A
197,#N/A,#N/A,449
198,#N/A,#N/A,394
199,#N/A,4509,#N/A
200,#N/A,3938,#N/A
201,#N/A,3905,#N/A
202,#N/A,4809,#N/A
203,#N/A,4142,#N/A
204,#N/A,4308,#N/A
205,#N/A,4398,#N/A
206,#N/A,4021,#N/A
207,#N/A,3794,#N/A
208,#N/A,4033,#N/A
209,#N/A,4182,#N/A
210,#N/A,4647,#N/A
211,#N/A,4693,#N/A
212,#N/A,4581,#N/A
213,#N/A,4211,#N/A
214,#N/A,3781,#N/A
215,#N/A,4368,#N/A
216,#N/A,4043,#N/A
217,5079,#N/A,#N/A
218,5158,#N/A,#N/A
219,#N/A,#N/A,621
220,#N/A,#N/A,384
221,#N/A,4084,#N/A
222,#N/A,3909,#N/A
223,#N/A,4475,#N/A
224,#N/A,4441,#N/A
225,#N/A,3960,#N/A
226,#N/A,4013,#N/A
227,#N/A,4325,#N/A
228,#N/A,4713,#N/A
229,#N/A,4164,#N/A
230,#N/A,4589,#N/A
231,#N/A,4650,#N/A
232,#N/A,4087,#N/A
233,#N/A,4380,#N/A
234,#N/A,4770,#N/A
235,#N/A,4615,#N/A
236,#N/A,4716,#N/A
237,#N/A,3888,#N/A
238,#N/A,310,#N/A
239,5136,#N/A,#N/A
240,5222,#N/A,#N/A
241,#N/A,#N/A,466
242,#N/A,#N/A,482
243,#N/A,3961,#N/A
244,#N/A,4814,#N/A
245,#N/A,3721,#N/A
246,#N/A,4244,#N/A
247,#N/A,3610,#N/A
248,#N/A,4304,#N/A
249,#N/A,4306,#N/A
250,#N/A,4432,#N/A
251,#N/A,4474,#N/A
252,#N/A,3879,#N/A
253,#N/A,3555,#N/A
254,#N/A,4804,#N/A
255,#N/A,4912,#N/A
256,#N/A,4601,#N/A
257,#N/A,423,#N/A
258,#N/A,3937,#N/A
259,#N/A,4668,#N/A
260,#N/A,3813,#N/A
261,5184,#N/A,#N/A
262,5243,#N/A,#N/A
263,#N/A,#N/A,467
264,#N/A,#N/A,366
265,#N/A,4522,#N/A
266,#N/A,4173,#N/A
267,#N/A,644,#N/A
268,#N/A,4035,#N/A
269,#N/A,4354,#N/A
270,#N/A,3671,#N/A
271,#N/A,4469,#N/A
272,#N/A,462,#N/A
273,#N/A,443,#N/A
274,#N/A,4453,#N/A
275,#N/A,4138,#N/A
276,#N/A,4351,#N/A
277,#N/A,4045,#N/A
278,#N/A,4300,#N/A
279,#N/A,273,#N/A
280,#N/A,4394,#N/A
281,#N/A,4280,#N/A
282,#N/A,3929,#N/A
283,5264,#N/A,#N/A
284,5163,#N/A,#N/A
285,#N/A,654,#N/A
286,#N/A,4343,#N/A
287,#N/A,4031,#N/A
288,#N/A,4383,#N/A
289,#N/A,4102,#N/A
290,#N/A,4034,#N/A
291,#N/A,3453,#N/A
292,#N/A,3886,#N/A
293,#N/A,387,#N/A
294,#N/A,3780,#N/A
295,#N/A,4048,#N/A
296,#N/A,4333,#N/A
297,#N/A,4123,#N/A
298,#N/A,4358,#N/A
299,#N/A,4323,#N/A
300,#N/A,4132,#N/A
301,#N/A,3894,#N/A
302,#N/A,4101,#N/A
303,5260,#N/A,#N/A
304,5181,#N/A,#N/A
305,#N/A,4433,#N/A
306,#N/A,4506,#N/A
307,#N/A,4734,#N/A
308,#N/A,3997,#N/A
309,#N/A,3608,#N/A
310,#N/A,3764,#N/A
311,#N/A,4547,#N/A
312,#N/A,4430,#N/A
313,#N/A,480,#N/A
314,#N/A,4537,#N/A
315,#N/A,4321,#N/A
316,#N/A,4678,#N/A
317,#N/A,3815,#N/A
318,#N/A,4162,#N/A
319,#N/A,3694,#N/A
320,#N/A,4357,#N/A
321,#N/A,3822,#N/A
322,#N/A,4245,#N/A
323,5195,#N/A,#N/A
324,5100,#N/A,#N/A
325,#N/A,4237,#N/A
326,#N/A,4441,#N/A
327,#N/A,4427,#N/A
328,#N/A,3808,#N/A
329,#N/A,4273,#N/A
330,#N/A,3390,#N/A
331,#N/A,4328,#N/A
332,#N/A,4334,#N/A
333,#N/A,4301,#N/A
334,#N/A,4652,#N/A
335,#N/A,4550,#N/A
336,#N/A,4447,#N/A
337,#N/A,4207,#N/A
338,#N/A,448,#N/A
339,#N/A,4531,#N/A
340,#N/A,4158,#N/A
341,#N/A,4242,#N/A
342,#N/A,5112,#N/A
343,5058,#N/A,#N/A
344,5140,#N/A,#N/A
345,#N/A,4885,#N/A
346,#N/A,4201,#N/A
347,#N/A,4143,#N/A
348,#N/A,4135,#N/A
349,#N/A,4430,#N/A
350,5045,#N/A,#N/A
351,5150,#N/A,#N/A
352,#N/A,3592,#N/A
353,#N/A,4212,#N/A
354,#N/A,3998,#N/A
355,#N/A,3893,#N/A
356,#N/A,4694,#N/A
357,#N/A,4010,#N/A
358,#N/A,4430,#N/A
359,#N/A,4608,#N/A
360,#N/A,4182,#N/A
361,#N/A,4355,#N/A
362,#N/A,3856,#N/A
363,#N/A,4509,#N/A
364,#N/A,3476,#N/A
365,#N/A,4509,#N/A
366,#N/A,4077,#N/A
367,#N/A,3459,#N/A
368,#N/A,4509,#N/A
369,#N/A,4097,#N/A
370,5022,#N/A,#N/A
371,5101,#N/A,#N/A
372,#N/A,#N/A,108
373,#N/A,#N/A,186
374,#N/A,4200,#N/A
375,#N/A,3884,#N/A
376,#N/A,3715,#N/A
377,#N/A,3966,#N/A
378,#N/A,4322,#N/A
379,#N/A,4027,#N/A
380,#N/A,4126,#N/A
381,#N/A,4580,#N/A
382,#N/A,4305,#N/A
383,#N/A,4598,#N/A
384,#N/A,4146,#N/A
385,#N/A,3966,#N/A
386,#N/A,4061,#N/A
387,#N/A,4226,#N/A
388,#N/A,4224,#N/A
389,#N/A,4133,#N/A
390,#N/A,3819,#N/A
391,#N/A,276,#N/A
392,5034,#N/A,#N/A
393,5005,#N/A,#N/A
394,#N/A,#N/A,513
395,#N/A,#N/A,472
396,#N/A,3996,#N/A
397,#N/A,4284,#N/A
398,#N/A,4517,#N/A
399,#N/A,4294,#N/A
400,#N/A,2357,#N/A
401,#N/A,4880,#N/A
402,#N/A,4057,#N/A
403,#N/A,4221,#N/A
404,#N/A,3976,#N/A
405,#N/A,4752,#N/A
406,#N/A,4348,#N/A
407,#N/A,3508,#N/A
408,#N/A,4122,#N/A
409,#N/A,4026,#N/A
410,#N/A,3816,#N/A
411,#N/A,4034,#N/A
412,#N/A,3773,#N/A
413,#N/A,4818,#N/A
414,5081,#N/A,#N/A
415,5095,#N/A,#N/A
416,#N/A,#N/A,462
417,#N/A,#N/A,266
418,#N/A,4539,#N/A
419,#N/A,3765,#N/A
420,#N/A,3974,#N/A
421,#N/A,4466,#N/A
422,#N/A,456,#N/A
423,#N/A,4619,#N/A
424,#N/A,3586,#N/A
425,#N/A,4114,#N/A
426,#N/A,4241,#N/A
427,#N/A,4167,#N/A
428,#N/A,3875,#N/A
429,#N/A,4398,#N/A
430,#N/A,4336,#N/A
431,#N/A,424,#N/A
432,#N/A,4147,#N/A
433,#N/A,3791,#N/A
434,#N/A,1980,#N/A
435,#N/A,4560,#N/A
436,5134,#N/A,#N/A
437,5118,#N/A,#N/A
438,#N/A,#N/A,562
439,#N/A,#N/A,375
440,#N/A,4524,#N/A
441,#N/A,4033,#N/A
442,#N/A,4182,#N/A
443,#N/A,4150,#N/A
444,#N/A,4616,#N/A
445,#N/A,3971,#N/A
446,#N/A,4238,#N/A
447,#N/A,4820,#N/A
448,#N/A,3833,#N/A
449,#N/A,4296,#N/A
450,#N/A,3929,#N/A
451,#N/A,4349,#N/A
452,#N/A,4291,#N/A
453,#N/A,4233,#N/A
454,#N/A,556,#N/A
455,#N/A,2735,#N/A
456,#N/A,510,#N/A
457,#N/A,3241,#N/A
458,5208,#N/A,#N/A
459,4828,#N/A,#N/A
460,#N/A,#N/A,694
461,#N/A,#N/A,521
462,#N/A,3829,#N/A
463,#N/A,4467,#N/A
464,#N/A,4685,#N/A
465,#N/A,4633,#N/A
466,#N/A,4073,#N/A
467,#N/A,3869,#N/A
468,#N/A,4620,#N/A
469,#N/A,4251,#N/A
470,#N/A,2877,#N/A
471,#N/A,434,#N/A
472,#N/A,4280,#N/A
473,#N/A,4188,#N/A
474,#N/A,4540,#N/A
475,#N/A,4441,#N/A
476,#N/A,4306,#N/A
477,#N/A,4259,#N/A
478,#N/A,3848,#N/A
479,#N/A,4027,#N/A
480,5052,#N/A,#N/A
481,5232,#N/A,#N/A
482,#N/A,#N/A,562
483,#N/A,#N/A,428
484,#N/A,4210,#N/A
485,#N/A,4060,#N/A
486,#N/A,4585,#N/A
487,#N/A,4428,#N/A
488,#N/A,3756,#N/A
489,#N/A,4205,#N/A
490,#N/A,3847,#N/A
491,#N/A,3763,#N/A
492,#N/A,4056,#N/A
493,#N/A,4106,#N/A
494,#N/A,4062,#N/A
495,#N/A,4241,#N/A
496,#N/A,3453,#N/A
497,#N/A,4086,#N/A
498,#N/A,4259,#N/A
499,#N/A,930,#N/A
500,#N/A,3895,#N/A
501,#N/A,4437,#N/A
502,5075,#N/A,#N/A
503,5079,#N/A,#N/A
504,#N/A,#N/A,331
505,#N/A,#N/A,372
506,#N/A,4280,#N/A
507,#N/A,4339,#N/A
508,#N/A,4138,#N/A
509,#N/A,4216,#N/A
510,#N/A,3694,#N/A
511,#N/A,4238,#N/A
512,#N/A,4414,#N/A
513,#N/A,3867,#N/A
514,#N/A,3736,#N/A
515,#N/A,4485,#N/A
516,#N/A,3840,#N/A
517,#N/A,4192,#N/A
518,#N/A,4121,#N/A
519,#N/A,4449,#N/A
520,#N/A,4189,#N/A
521,#N/A,3894,#N/A
522,#N/A,3855,#N/A
523,#N/A,4164,#N/A
524,5195,#N/A,#N/A
525,5153,#N/A,#N/A
526,#N/A,#N/A,743
527,#N/A,#N/A,421
528,#N/A,4259,#N/A
529,#N/A,3776,#N/A
530,#N/A,3760,#N/A
531,#N/A,3719,#N/A
532,#N/A,4409,#N/A
533,#N/A,4599,#N/A
534,#N/A,4356,#N/A
535,#N/A,4378,#N/A
536,#N/A,4118,#N/A
537,#N/A,4583,#N/A
538,#N/A,3453,#N/A
539,#N/A,4040,#N/A
540,#N/A,345,#N/A
541,#N/A,3375,#N/A
542,#N/A,4170,#N/A
543,#N/A,237,#N/A
544,#N/A,2633,#N/A
545,#N/A,614,#N/A
546,5173,#N/A,#N/A
547,5198,#N/A,#N/A
548,#N/A,#N/A,297
549,#N/A,#N/A,434
550,#N/A,3905,#N/A
551,#N/A,4379,#N/A
552,#N/A,4709,#N/A
553,#N/A,3846,#N/A
554,#N/A,3894,#N/A
555,#N/A,435,#N/A
556,#N/A,4188,#N/A
557,#N/A,4553,#N/A
558,#N/A,4347,#N/A
559,#N/A,4247,#N/A
560,#N/A,1957,#N/A
561,#N/A,4343,#N/A
562,#N/A,2692,#N/A
563,#N/A,3724,#N/A
564,#N/A,3889,#N/A
565,#N/A,4521,#N/A
566,#N/A,3253,#N/A
567,#N/A,2681,#N/A
568,5102,#N/A,#N/A
569,5176,#N/A,#N/A
570,#N/A,#N/A,580
571,#N/A,#N/A,416
572,#N/A,3967,#N/A
573,#N/A,3876,#N/A
574,#N/A,4179,#N/A
575,#N/A,2358,#N/A
576,#N/A,4143,#N/A
577,#N/A,3756,#N/A
578,#N/A,2943,#N/A
579,#N/A,4431,#N/A
580,#N/A,1756,#N/A
581,#N/A,3835,#N/A
582,#N/A,3721,#N/A
583,#N/A,4042,#N/A
584,#N/A,4383,#N/A
585,#N/A,3806,#N/A
586,#N/A,4124,#N/A
587,#N/A,4430,#N/A
588,#N/A,3100,#N/A
589,#N/A,4140,#N/A
590,5151,#N/A,#N/A
591,5182,#N/A,#N/A
592,#N/A,#N/A,273
593,#N/A,#N/A,306
594,#N/A,4467,#N/A
595,#N/A,4614,#N/A
596,#N/A,4765,#N/A
597,#N/A,3793,#N/A
598,#N/A,4088,#N/A
599,#N/A,4222,#N/A
600,#N/A,4244,#N/A
601,#N/A,4209,#N/A
602,#N/A,3343,#N/A
603,#N/A,4651,#N/A
604,#N/A,3901,#N/A
605,#N/A,3988,#N/A
606,#N/A,3848,#N/A
607,#N/A,4566,#N/A
608,#N/A,4545,#N/A
609,#N/A,4035,#N/A
610,#N/A,4112,#N/A
611,#N/A,4681,#N/A
612,5158,#N/A,#N/A
613,5074,#N/A,#N/A
614,#N/A,#N/A,309
615,#N/A,#N/A,0
616,#N/A,3547,#N/A
617,#N/A,4065,#N/A
618,#N/A,3691,#N/A
619,#N/A,4152,#N/A
620,#N/A,3696,#N/A
621,#N/A,4334,#N/A
622,#N/A,3890,#N/A
623,#N/A,3913,#N/A
624,#N/A,4175,#N/A
625,#N/A,4354,#N/A
626,#N/A,4219,#N/A
627,#N/A,313,#N/A
628,#N/A,427,#N/A
629,#N/A,4472,#N/A
630,#N/A,4266,#N/A
631,#N/A,4278,#N/A
632,#N/A,401,#N/A
633,#N/A,4140,#N/A
634,5099,#N/A,#N/A
635,5111,#N/A,#N/A
636,#N/A,4264,#N/A
637,#N/A,4795,#N/A
638,#N/A,4163,#N/A
639,#N/A,3506,#N/A
640,#N/A,4361,#N/A
641,#N/A,4113,#N/A
642,#N/A,2851,#N/A
643,#N/A,4118,#N/A
644,#N/A,3845,#N/A
645,#N/A,4639,#N/A
646,#N/A,4390,#N/A
647,#N/A,3897,#N/A
648,#N/A,4212,#N/A
649,#N/A,4304,#N/A
650,#N/A,3771,#N/A
651,#N/A,4539,#N/A
652,#N/A,4125,#N/A
653,#N/A,4276,#N/A
654,5024,#N/A,#N/A
655,5083,#N/A,#N/A
656,#N/A,3872,#N/A
657,#N/A,3817,#N/A
658,#N/A,4456,#N/A
659,#N/A,4502,#N/A
660,#N/A,4084,#N/A
661,#N/A,4402,#N/A
662,#N/A,4151,#N/A
663,#N/A,4170,#N/A
664,#N/A,4021,#N/A
665,#N/A,4382,#N/A
666,#N/A,3822,#N/A
667,#N/A,4170,#N/A
668,#N/A,3773,#N/A
669,#N/A,4250,#N/A
670,#N/A,4417,#N/A
671,#N/A,4215,#N/A
672,#N/A,2590,#N/A
673,#N/A,4253,#N/A
674,5031,#N/A,#N/A
675,5080,#N/A,#N/A
676,#N/A,4407,#N/A
677,#N/A,4333,#N/A
678,#N/A,4001,#N/A
679,#N/A,4130,#N/A
680,#N/A,3890,#N/A
681,#N/A,3589,#N/A
682,#N/A,3344,#N/A
683,#N/A,4357,#N/A
684,#N/A,3558,#N/A
685,#N/A,4697,#N/A
686,#N/A,3835,#N/A
687,#N/A,4125,#N/A
688,#N/A,4437,#N/A
689,#N/A,4310,#N/A
690,#N/A,3742,#N/A
691,#N/A,4334,#N/A
692,#N/A,4293,#N/A
693,#N/A,3750,#N/A
694,5134,#N/A,#N/A
695,5110,#N/A,#N/A
696,#N/A,3710,#N/A
697,#N/A,4394,#N/A
698,#N/A,3910,#N/A
699,#N/A,4148,#N/A
700,#N/A,4087,#N/A
701,#N/A,3996,#N/A
702,#N/A,4388,#N/A
703,#N/A,4366,#N/A
704,#N/A,3958,#N/A
705,#N/A,3969,#N/A
706,#N/A,3841,#N/A
707,#N/A,4159,#N/A
708,#N/A,4059,#N/A
709,#N/A,4268,#N/A
710,#N/A,519,#N/A
711,#N/A,4024,#N/A
712,#N/A,4143,#N/A
713,#N/A,465,#N/A
714,5050,#N/A,#N/A
715,5063,#N/A,#N/A
716,#N/A,4008,#N/A
717,#N/A,3802,#N/A
718,#N/A,3934,#N/A
719,#N/A,4375,#N/A
720,#N/A,4109,#N/A
721,#N/A,3963,#N/A
722,#N/A,4086,#N/A
723,#N/A,3245,#N/A
724,5138,#N/A,#N/A
725,5117,#N/A,#N/A
726,#N/A,652,#N/A
727,#N/A,3256,#N/A
728,#N/A,4035,#N/A
729,#N/A,4106,#N/A
730,#N/A,4174,#N/A
731,#N/A,4359,#N/A
732,#N/A,4426,#N/A
733,#N/A,350,#N/A
734,#N/A,4116,#N/A
735,#N/A,4159,#N/A
736,#N/A,3334,#N/A
737,#N/A,4002,#N/A
738,#N/A,534,#N/A
739,#N/A,4493,#N/A
740,#N/A,4183,#N/A
741,#N/A,4072,#N/A
742,#N/A,3711,#N/A
743,#N/A,3732,#N/A
744,5212,#N/A,#N/A
745,4887,#N/A,#N/A
746,#N/A,#N/A,220
747,#N/A,#N/A,243
748,#N/A,3599,#N/A
749,#N/A,323,#N/A
750,#N/A,4153,#N/A
751,#N/A,296,#N/A
752,#N/A,4245,#N/A
753,#N/A,4103,#N/A
754,#N/A,4558,#N/A
755,#N/A,3999,#N/A
756,#N/A,3668,#N/A
757,#N/A,3779,#N/A
758,#N/A,304,#N/A
759,#N/A,888,#N/A
760,#N/A,4319,#N/A
761,#N/A,4006,#N/A
762,#N/A,356,#N/A
763,#N/A,4045,#N/A
764,#N/A,3477,#N/A
765,#N/A,260,#N/A
766,5140,#N/A,#N/A
767,5054,#N/A,#N/A
768,#N/A,#N/A,214
769,#N/A,#N/A,190
770,#N/A,4727,#N/A
771,#N/A,4467,#N/A
772,#N/A,467,#N/A
773,#N/A,4713,#N/A
774,#N/A,3551,#N/A
775,#N/A,3523,#N/A
776,#N/A,327,#N/A
777,#N/A,4105,#N/A
778,#N/A,4335,#N/A
779,#N/A,4198,#N/A
780,#N/A,4663,#N/A
781,#N/A,4048,#N/A
782,#N/A,3459,#N/A
783,#N/A,4185,#N/A
784,#N/A,4244,#N/A
785,#N/A,4569,#N/A
786,#N/A,394,#N/A
787,#N/A,4012,#N/A
788,5219,#N/A,#N/A
789,5115,#N/A,#N/A
790,#N/A,#N/A,165
791,#N/A,#N/A,203
792,#N/A,4399,#N/A
793,#N/A,4243,#N/A
794,#N/A,4302,#N/A
795,#N/A,4214,#N/A
796,#N/A,2245,#N/A
797,#N/A,3880,#N/A
798,#N/A,407,#N/A
799,#N/A,3804,#N/A
800,#N/A,511,#N/A
801,#N/A,4187,#N/A
802,#N/A,4184,#N/A
803,#N/A,4246,#N/A
804,#N/A,3954,#N/A
805,#N/A,4268,#N/A
806,#N/A,3858,#N/A
807,#N/A,3945,#N/A
808,#N/A,4003,#N/A
809,#N/A,4501,#N/A
810,5104,#N/A,#N/A
811,5075,#N/A,#N/A
812,#N/A,#N/A,452
813,#N/A,#N/A,323
814,#N/A,2992,#N/A
815,#N/A,3537,#N/A
816,#N/A,3675,#N/A
817,#N/A,692,#N/A
818,#N/A,4158,#N/A
819,#N/A,4349,#N/A
820,#N/A,4373,#N/A
821,#N/A,4418,#N/A
822,#N/A,4373,#N/A
823,#N/A,3504,#N/A
824,#N/A,4052,#N/A
825,#N/A,3054,#N/A
826,#N/A,4783,#N/A
827,#N/A,3403,#N/A
828,#N/A,4058,#N/A
829,#N/A,4142,#N/A
830,#N/A,3927,#N/A
831,#N/A,4161,#N/A
832,5100,#N/A,#N/A
833,4964,#N/A,#N/A
834,#N/A,#N/A,634
835,#N/A,#N/A,280
836,#N/A,3819,#N/A
837,#N/A,4214,#N/A
838,#N/A,4266,#N/A
839,#N/A,2711,#N/A
840,#N/A,4168,#N/A
841,#N/A,265,#N/A
842,#N/A,244,#N/A
843,#N/A,3580,#N/A
844,#N/A,2599,#N/A
845,#N/A,3170,#N/A
846,#N/A,4426,#N/A
847,#N/A,2972,#N/A
848,#N/A,3857,#N/A
849,#N/A,3815,#N/A
850,#N/A,822,#N/A
851,#N/A,3525,#N/A
852,#N/A,3866,#N/A
853,#N/A,3830,#N/A
854,5166,#N/A,#N/A
855,5052,#N/A,#N/A
856,#N/A,#N/A,522
857,#N/A,#N/A,301
858,#N/A,3864,#N/A
859,#N/A,3776,#N/A
860,#N/A,3944,#N/A
861,#N/A,1215,#N/A
862,#N/A,4176,#N/A
863,#N/A,2731,#N/A
864,#N/A,3671,#N/A
865,#N/A,4110,#N/A
866,#N/A,4081,#N/A
867,#N/A,4144,#N/A
868,#N/A,4196,#N/A
869,#N/A,4181,#N/A
870,#N/A,4060,#N/A
871,#N/A,607,#N/A
872,#N/A,4041,#N/A
873,#N/A,3807,#N/A
874,#N/A,418,#N/A
875,#N/A,3966,#N/A
876,5072,#N/A,#N/A
877,5073,#N/A,#N/A
878,#N/A,#N/A,366
879,#N/A,#N/A,434
880,#N/A,597,#N/A
881,#N/A,4214,#N/A
882,#N/A,4427,#N/A
883,#N/A,3456,#N/A
884,#N/A,3554,#N/A
885,#N/A,4595,#N/A
886,#N/A,292,#N/A
887,#N/A,3612,#N/A
888,#N/A,3855,#N/A
889,#N/A,4444,#N/A
890,#N/A,4490,#N/A
891,#N/A,3976,#N/A
892,#N/A,3786,#N/A
893,#N/A,4022,#N/A
894,#N/A,3850,#N/A
895,#N/A,4476,#N/A
896,#N/A,3732,#N/A
897,#N/A,4373,#N/A
898,5210,#N/A,#N/A
899,5154,#N/A,#N/A
900,#N/A,#N/A,500
901,#N/A,#N/A,218
902,#N/A,2125,#N/A
903,#N/A,4043,#N/A
904,#N/A,373,#N/A
905,#N/A,3913,#N/A
906,#N/A,437,#N/A
907,#N/A,671,#N/A
908,#N/A,955,#N/A
909,#N/A,4556,#N/A
910,#N/A,3717,#N/A
911,#N/A,2001,#N/A
912,#N/A,3900,#N/A
913,#N/A,4228,#N/A
914,#N/A,1670,#N/A
915,#N/A,286,#N/A
916,#N/A,454,#N/A
917,#N/A,1241,#N/A
918,#N/A,4347,#N/A
919,#N/A,4569,#N/A
920,5085,#N/A,#N/A
921,4994,#N/A,#N/A
922,#N/A,#N/A,392
923,#N/A,#N/A,268
924,#N/A,3786,#N/A
925,#N/A,4009,#N/A
926,#N/A,4096,#N/A
927,#N/A,4582,#N/A
928,#N/A,4276,#N/A
929,#N/A,3831,#N/A
930,#N/A,3941,#N/A
931,#N/A,4323,#N/A
932,#N/A,2513,#N/A
933,#N/A,3151,#N/A
934,#N/A,3738,#N/A
935,#N/A,3653,#N/A
936,#N/A,417,#N/A
937,#N/A,3575,#N/A
938,#N/A,3196,#N/A
939,#N/A,4906,#N/A
940,#N/A,4431,#N/A
941,#N/A,3800,#N/A
942,5135,#N/A,#N/A
943,5055,#N/A,#N/A
944,#N/A,#N/A,586
945,#N/A,#N/A,234
946,#N/A,1461,#N/A
947,#N/A,4331,#N/A
948,#N/A,3907,#N/A
949,#N/A,3422,#N/A
950,#N/A,413,#N/A
951,#N/A,4219,#N/A
952,#N/A,4402,#N/A
953,#N/A,4223,#N/A
954,#N/A,4277,#N/A
955,#N/A,3671,#N/A
956,#N/A,1595,#N/A
957,#N/A,3327,#N/A
958,#N/A,3998,#N/A
959,#N/A,3743,#N/A
960,#N/A,2403,#N/A
961,#N/A,3013,#N/A
962,#N/A,3679,#N/A
963,#N/A,2777,#N/A
964,5071,#N/A,#N/A
965,4930,#N/A,#N/A
966,#N/A,#N/A,459
967,#N/A,#N/A,381
968,#N/A,3913,#N/A
969,#N/A,4204,#N/A
970,#N/A,4627,#N/A
971,#N/A,4037,#N/A
972,#N/A,3782,#N/A
973,#N/A,4196,#N/A
974,#N/A,3350,#N/A
975,#N/A,2730,#N/A
976,#N/A,3532,#N/A
977,#N/A,4161,#N/A
978,#N/A,565,#N/A
979,#N/A,4325,#N/A
980,#N/A,4191,#N/A
981,#N/A,489,#N/A
982,#N/A,2224,#N/A
983,#N/A,4196,#N/A
984,#N/A,377,#N/A
985,#N/A,820,#N/A
986,4942,#N/A,#N/A
987,5019,#N/A,#N/A
988,#N/A,#N/A,436
989,#N/A,#N/A,499
990,#N/A,3772,#N/A
991,#N/A,3876,#N/A
992,#N/A,3932,#N/A
993,#N/A,638,#N/A
994,#N/A,992,#N/A
995,#N/A,407,#N/A
996,#N/A,3866,#N/A
997,#N/A,434,#N/A
998,#N/A,4271,#N/A
999,#N/A,577,#N/A
1000,#N/A,3622,#N/A
1001,#N/A,3428,#N/A
1002,#N/A,465,#N/A
1003,#N/A,3805,#N/A
1004,#N/A,2292,#N/A
1005,#N/A,2346,#N/A
1006,#N/A,759,#N/A
1007,#N/A,4223,#N/A
1008,5044,#N/A,#N/A
1009,4983,#N/A,#N/A
1010,#N/A,3711,#N/A
1011,#N/A,4005,#N/A
1012,#N/A,730,#N/A
1013,#N/A,3779,#N/A
1014,#N/A,4229,#N/A
1015,#N/A,2891,#N/A
1016,#N/A,4036,#N/A
1017,#N/A,4406,#N/A
1018,#N/A,4362,#N/A
1019,#N/A,4392,#N/A
1020,#N/A,2626,#N/A
1021,#N/A,3239,#N/A
1022,#N/A,4064,#N/A
1023,#N/A,4189,#N/A
1024,#N/A,3805,#N/A
1025,#N/A,3775,#N/A
1026,#N/A,4239,#N/A
1027,#N/A,346,#N/A
1028,4999,#N/A,#N/A
1029,4927,#N/A,#N/A
1030,#N/A,4012,#N/A
1031,#N/A,286,#N/A
1032,#N/A,3509,#N/A
1033,#N/A,3585,#N/A
1034,#N/A,267,#N/A
1035,#N/A,3381,#N/A
1036,#N/A,3958,#N/A
1037,#N/A,3367,#N/A
1038,#N/A,4579,#N/A
1039,#N/A,1932,#N/A
1040,#N/A,4552,#N/A
1041,#N/A,4356,#N/A
1042,#N/A,4537,#N/A
1043,#N/A,4021,#N/A
1044,#N/A,2437,#N/A
1045,#N/A,4223,#N/A
1046,#N/A,600,#N/A
1047,#N/A,3966,#N/A
1048,5079,#N/A,#N/A
1049,4900,#N/A,#N/A
1050,#N/A,4137,#N/A
1051,#N/A,4219,#N/A
1052,#N/A,4302,#N/A
1053,#N/A,3848,#N/A
1054,#N/A,4090,#N/A
1055,#N/A,351,#N/A
1056,#N/A,3591,#N/A
1057,#N/A,3914,#N/A
1058,#N/A,349,#N/A
1059,#N/A,4544,#N/A
1060,#N/A,2303,#N/A
1061,#N/A,4827,#N/A
1062,#N/A,4248,#N/A
1063,#N/A,2429,#N/A
1064,#N/A,3606,#N/A
1065,#N/A,3634,#N/A
1066,#N/A,2883,#N/A
1067,#N/A,4599,#N/A
1068,5021,#N/A,#N/A
1069,5010,#N/A,#N/A
1070,#N/A,3810,#N/A
1071,#N/A,2757,#N/A
1072,#N/A,3672,#N/A
1073,#N/A,3937,#N/A
1074,#N/A,3935,#N/A
1075,#N/A,431,#N/A
1076,#N/A,4609,#N/A
1077,#N/A,512,#N/A
1078,#N/A,3804,#N/A
1079,#N/A,325,#N/A
1080,#N/A,4012,#N/A
1081,#N/A,4365,#N/A
1082,#N/A,451,#N/A
1083,#N/A,4408,#N/A
1084,#N/A,4519,#N/A
1085,#N/A,3739,#N/A
1086,#N/A,4016,#N/A
1087,#N/A,3618,#N/A
1088,5105,#N/A,#N/A
1089,5042,#N/A,#N/A
1090,#N/A,3088,#N/A
1091,#N/A,4335,#N/A
1092,#N/A,3644,#N/A
1093,#N/A,4179,#N/A
1094,#N/A,3678,#N/A
1095,#N/A,4249,#N/A
1096,#N/A,3867,#N/A
1097,#N/A,365,#N/A
1098,#N/A,3650,#N/A
1099,#N/A,4280,#N/A
1100,#N/A,2369,#N/A
1101,5035,#N/A,#N/A
1102,4941,#N/A,#N/A
1103,#N/A,3860,#N/A
1104,#N/A,4509,#N/A
1105,#N/A,3469,#N/A
1106,#N/A,3132,#N/A
1107,#N/A,3617,#N/A
1108,#N/A,2707,#N/A
1109,#N/A,3737,#N/A
1110,#N/A,3855,#N/A
1111,#N/A,4250,#N/A
1112,#N/A,4136,#N/A
1113,#N/A,4044,#N/A
1114,#N/A,4253,#N/A
1115,#N/A,4443,#N/A
1116,#N/A,4181,#N/A
1117,#N/A,1875,#N/A
1118,#N/A,4249,#N/A
1119,#N/A,4127,#N/A
1120,#N/A,3877,#N/A
1121,5210,#N/A,#N/A
1122,5026,#N/A,#N/A
1123,#N/A,#N/A,15
1124,#N/A,#N/A,10
1125,#N/A,4431,#N/A
1126,#N/A,4122,#N/A
1127,#N/A,392,#N/A
1128,#N/A,3826,#N/A
1129,#N/A,3790,#N/A
1130,#N/A,4607,#N/A
1131,#N/A,4695,#N/A
1132,#N/A,4237,#N/A
1133,#N/A,4065,#N/A
1134,#N/A,3873,#N/A
1135,#N/A,4510,#N/A
1136,#N/A,3942,#N/A
1137,#N/A,4207,#N/A
1138,#N/A,4521,#N/A
1139,#N/A,4353,#N/A
1140,#N/A,4259,#N/A
1141,#N/A,3589,#N/A
1142,#N/A,3845,#N/A
1143,5127,#N/A,#N/A
1144,4915,#N/A,#N/A
1145,#N/A,#N/A,334
1146,#N/A,#N/A,259
1147,#N/A,380,#N/A
1148,#N/A,4142,#N/A
1149,#N/A,3874,#N/A
1150,#N/A,3927,#N/A
1151,#N/A,3858,#N/A
1152,#N/A,3675,#N/A
1153,#N/A,3666,#N/A
1154,#N/A,3614,#N/A
1155,#N/A,4811,#N/A
1156,#N/A,3885,#N/A
1157,#N/A,3782,#N/A
1158,#N/A,343,#N/A
1159,#N/A,506,#N/A
1160,#N/A,4051,#N/A
1161,#N/A,4682,#N/A
1162,#N/A,4110,#N/A
1163,#N/A,4262,#N/A
1164,#N/A,3649,#N/A
1165,5085,#N/A,#N/A
1166,4864,#N/A,#N/A
1167,#N/A,#N/A,453
1168,#N/A,#N/A,276
1169,#N/A,4771,#N/A
1170,#N/A,4017,#N/A
1171,#N/A,4319,#N/A
1172,#N/A,3701,#N/A
1173,#N/A,450,#N/A
1174,#N/A,418,#N/A
1175,#N/A,3198,#N/A
1176,#N/A,4149,#N/A
1177,#N/A,3899,#N/A
1178,#N/A,4505,#N/A
1179,#N/A,351,#N/A
1180,#N/A,4176,#N/A
1181,#N/A,4722,#N/A
1182,#N/A,3897,#N/A
1183,#N/A,4047,#N/A
1184,#N/A,3692,#N/A
1185,#N/A,4170,#N/A
1186,#N/A,3947,#N/A
1187,5070,#N/A,#N/A
1188,4931,#N/A,#N/A
1189,#N/A,#N/A,434
1190,#N/A,#N/A,168
1191,#N/A,4092,#N/A
1192,#N/A,363,#N/A
1193,#N/A,3867,#N/A
1194,#N/A,4330,#N/A
1195,#N/A,4772,#N/A
1196,#N/A,4271,#N/A
1197,#N/A,325,#N/A
1198,#N/A,3899,#N/A
1199,#N/A,3361,#N/A
1200,#N/A,4098,#N/A
1201,#N/A,330,#N/A
1202,#N/A,4419,#N/A
1203,#N/A,4154,#N/A
1204,#N/A,136,#N/A
1205,#N/A,3056,#N/A
1206,#N/A,3997,#N/A
1207,#N/A,3920,#N/A
1208,#N/A,4341,#N/A
1209,5134,#N/A,#N/A
1210,4999,#N/A,#N/A
1211,#N/A,#N/A,415
1212,#N/A,#N/A,156
1213,#N/A,4283,#N/A
1214,#N/A,3649,#N/A
1215,#N/A,3970,#N/A
1216,#N/A,4125,#N/A
1217,#N/A,4098,#N/A
1218,#N/A,4265,#N/A
1219,#N/A,700,#N/A
1220,#N/A,3982,#N/A
1221,#N/A,4247,#N/A
1222,#N/A,4201,#N/A
1223,#N/A,4212,#N/A
1224,#N/A,301,#N/A
1225,#N/A,3993,#N/A
1226,#N/A,2090,#N/A
1227,#N/A,908,#N/A
1228,#N/A,4125,#N/A
1229,#N/A,3919,#N/A
1230,#N/A,3923,#N/A
1231,5060,#N/A,#N/A
1232,4968,#N/A,#N/A
1233,#N/A,#N/A,378
1234,#N/A,#N/A,192
1235,#N/A,4145,#N/A
1236,#N/A,4899,#N/A
1237,#N/A,4223,#N/A
1238,#N/A,3871,#N/A
1239,#N/A,3647,#N/A
1240,#N/A,4029,#N/A
1241,#N/A,3155,#N/A
1242,#N/A,3488,#N/A
1243,#N/A,3942,#N/A
1244,#N/A,4326,#N/A
1245,#N/A,3505,#N/A
1246,#N/A,3647,#N/A
1247,#N/A,3910,#N/A
1248,#N/A,3898,#N/A
1249,#N/A,4353,#N/A
1250,#N/A,3483,#N/A
1251,#N/A,3797,#N/A
1252,#N/A,3805,#N/A
1253,5130,#N/A,#N/A
1254,5016,#N/A,#N/A
1255,#N/A,#N/A,447
1256,#N/A,#N/A,24
1257,#N/A,3946,#N/A
1258,#N/A,4149,#N/A
1259,#N/A,3503,#N/A
1260,#N/A,4255,#N/A
1261,#N/A,575,#N/A
1262,#N/A,4641,#N/A
1263,#N/A,4172,#N/A
1264,#N/A,4251,#N/A
1265,#N/A,4116,#N/A
1266,#N/A,4304,#N/A
1267,#N/A,555,#N/A
1268,#N/A,3789,#N/A
1269,#N/A,3736,#N/A
1270,#N/A,3570,#N/A
1271,#N/A,4380,#N/A
1272,#N/A,3741,#N/A
1273,#N/A,3279,#N/A
1274,#N/A,3874,#N/A
1275,5139,#N/A,#N/A
1276,5040,#N/A,#N/A
1277,#N/A,#N/A,518
1278,#N/A,#N/A,152
1279,#N/A,2156,#N/A
1280,#N/A,3731,#N/A
1281,#N/A,4045,#N/A
1282,#N/A,3894,#N/A
1283,#N/A,4026,#N/A
1284,#N/A,364,#N/A
1285,#N/A,3908,#N/A
1286,#N/A,4007,#N/A
1287,#N/A,4741,#N/A
1288,#N/A,4218,#N/A
1289,#N/A,4005,#N/A
1290,#N/A,3725,#N/A
1291,#N/A,3903,#N/A
1292,#N/A,4140,#N/A
1293,#N/A,4266,#N/A
1294,#N/A,3838,#N/A
1295,#N/A,3424,#N/A
1296,#N/A,4322,#N/A
1297,5159,#N/A,#N/A
1298,4969,#N/A,#N/A
1299,#N/A,#N/A,228
1300,#N/A,#N/A,10
1301,#N/A,3876,#N/A
1302,#N/A,3897,#N/A
1303,#N/A,4461,#N/A
1304,#N/A,312,#N/A
1305,#N/A,3967,#N/A
1306,#N/A,4699,#N/A
1307,#N/A,3900,#N/A
1308,#N/A,4633,#N/A
1309,#N/A,3905,#N/A
1310,#N/A,3587,#N/A
1311,#N/A,2465,#N/A
1312,#N/A,4019,#N/A
1313,#N/A,4053,#N/A
1314,#N/A,3670,#N/A
1315,#N/A,3822,#N/A
1316,#N/A,3551,#N/A
1317,#N/A,3993,#N/A
1318,#N/A,4497,#N/A
1319,4981,#N/A,#N/A
1320,5019,#N/A,#N/A
1321,#N/A,#N/A,395
1322,#N/A,#N/A,214
1323,#N/A,1880,#N/A
1324,#N/A,432,#N/A
1325,#N/A,3745,#N/A
1326,#N/A,3719,#N/A
1327,#N/A,3673,#N/A
1328,#N/A,3325,#N/A
1329,#N/A,4143,#N/A
1330,#N/A,4385,#N/A
1331,#N/A,3745,#N/A
1332,#N/A,4428,#N/A
1333,#N/A,3617,#N/A
1334,#N/A,4053,#N/A
1335,#N/A,3479,#N/A
1336,#N/A,3782,#N/A
1337,#N/A,4035,#N/A
1338,#N/A,3591,#N/A
1339,#N/A,4653,#N/A
1340,#N/A,542,#N/A
1341,4611,#N/A,#N/A
1342,4811,#N/A,#N/A
1343,#N/A,#N/A,139
1344,#N/A,#N/A,323
1345,#N/A,3525,#N/A
1346,#N/A,4030,#N/A
1347,#N/A,3990,#N/A
1348,#N/A,4240,#N/A
1349,#N/A,3162,#N/A
1350,#N/A,4085,#N/A
1351,#N/A,3886,#N/A
1352,#N/A,4139,#N/A
1353,#N/A,374,#N/A
1354,#N/A,3608,#N/A
1355,#N/A,4424,#N/A
1356,#N/A,3678,#N/A
1357,#N/A,454,#N/A
1358,#N/A,4554,#N/A
1359,#N/A,3653,#N/A
1360,#N/A,4094,#N/A
1361,#N/A,3793,#N/A
1362,#N/A,4018,#N/A
1363,4917,#N/A,#N/A
1364,4893,#N/A,#N/A
1365,#N/A,#N/A,122
1366,#N/A,#N/A,0
1367,#N/A,4013,#N/A
1368,#N/A,3927,#N/A
1369,#N/A,3997,#N/A
1370,#N/A,4173,#N/A
1371,#N/A,431,#N/A
1372,#N/A,4037,#N/A
1373,#N/A,4567,#N/A
1374,#N/A,3590,#N/A
1375,#N/A,4203,#N/A
1376,#N/A,4069,#N/A
1377,#N/A,3822,#N/A
1378,#N/A,3607,#N/A
1379,#N/A,4374,#N/A
1380,#N/A,4138,#N/A
1381,#N/A,3911,#N/A
1382,#N/A,297,#N/A
1383,#N/A,3949,#N/A
1384,#N/A,4116,#N/A
1385,5089,#N/A,#N/A
1386,5098,#N/A,#N/A
1387,#N/A,328,#N/A
1388,#N/A,4601,#N/A
1389,#N/A,4238,#N/A
1390,#N/A,4410,#N/A
1391,#N/A,4256,#N/A
1392,#N/A,3747,#N/A
1393,#N/A,3524,#N/A
1394,#N/A,3474,#N/A
1395,#N/A,0,#N/A
1396,#N/A,0,#N/A
1397,#N/A,3484,#N/A
1398,#N/A,3510,#N/A
1399,#N/A,217,#N/A
1400,#N/A,0,#N/A
1401,#N/A,3739,#N/A
1402,#N/A,3815,#N/A
1403,#N/A,3854,#N/A
1404,#N/A,4361,#N/A
1405,4911,#N/A,#N/A
1406,5083,#N/A,#N/A
1407,#N/A,4382,#N/A
1408,#N/A,4027,#N/A
1409,#N/A,3958,#N/A
1410,#N/A,4026,#N/A
1411,#N/A,4489,#N/A
1412,#N/A,312,#N/A
1413,#N/A,407,#N/A
1414,#N/A,384,#N/A
1415,#N/A,3675,#N/A
1416,#N/A,3628,#N/A
1417,#N/A,4144,#N/A
1418,#N/A,847,#N/A
1419,#N/A,4277,#N/A
1420,#N/A,4110,#N/A
1421,#N/A,4489,#N/A
1422,#N/A,3665,#N/A
1423,#N/A,4147,#N/A
1424,#N/A,3959,#N/A
1425,4853,#N/A,#N/A
1426,4954,#N/A,#N/A
1427,#N/A,3854,#N/A
1428,#N/A,3902,#N/A
1429,#N/A,3752,#N/A
1430,#N/A,3700,#N/A
1431,#N/A,4099,#N/A
1432,#N/A,3558,#N/A
1433,#N/A,3934,#N/A
1434,#N/A,3862,#N/A
1435,#N/A,4316,#N/A
1436,#N/A,3915,#N/A
1437,#N/A,4247,#N/A
1438,#N/A,386,#N/A
1439,#N/A,4355,#N/A
1440,#N/A,220,#N/A
1441,#N/A,2938,#N/A
1442,#N/A,288,#N/A
1443,#N/A,3552,#N/A
1444,#N/A,4646,#N/A
1445,4897,#N/A,#N/A
1446,5040,#N/A,#N/A
1447,#N/A,4491,#N/A
1448,#N/A,3509,#N/A
1449,#N/A,3951,#N/A
1450,#N/A,3944,#N/A
1451,#N/A,4157,#N/A
1452,#N/A,3986,#N/A
1453,#N/A,4070,#N/A
1454,#N/A,3496,#N/A
1455,#N/A,4428,#N/A
1456,#N/A,3695,#N/A
1457,#N/A,4415,#N/A
1458,#N/A,3862,#N/A
1459,#N/A,4594,#N/A
1460,#N/A,3613,#N/A
1461,#N/A,4113,#N/A
1462,#N/A,4480,#N/A
1463,#N/A,4144,#N/A
1464,#N/A,3834,#N/A
