sample,proteinID,conc.,Experiment,plate,ch,Gate,Type,time
100_1,3524,100,time,timeP2,ch2,S,SC,24hr
100_2,3039,100,time,timeP2,ch1,S,SC,24hr
100_3,1950,100,time,timeP2,ch1,S,SC,24hr
100_4,3624,100,time,timeP2,ch2,S,SC,24hr
100_5,3130,100,time,timeP2,ch1,S,SC,24hr
100_6,3801,100,time,timeP2,ch2,S,SC,24hr
100_7,3670,100,time,timeP2,ch1,S,SC,24hr
100_8,3165,100,time,timeP2,ch1,S,SC,24hr
100_9,3465,100,time,timeP2,ch2,S,SC,24hr
100_10,3472,100,time,timeP2,ch2,S,SC,24hr
100_11,3201,100,time,timeP2,ch2,S,SC,24hr
100_12,2451,100,time,timeP2,ch1,S,SC,24hr
100_13,3375,100,time,timeP2,ch2,S,SC,24hr
100_14,3137,100,time,timeP2,ch1,S,SC,24hr
100_15,2939,100,time,timeP2,ch1,S,SC,24hr
100_16,4037,100,time,timeP2,ch2,S,SC,24hr
100_17,3701,100,time,timeP2,ch2,S,SC,24hr
100_18,3739,100,time,timeP2,ch1,S,SC,24hr
100_19,3845,100,time,timeP2,ch1,S,SC,24hr
100_20,2240,100,time,timeP2,ch2,S,SC,24hr
100_21,3526,100,time,timeP2,ch1,S,SC,24hr
100_22,3369,100,time,timeP2,ch2,S,SC,24hr
100_23,2589,100,time,timeP2,ch2,S,SC,24hr
100_24,3472,100,time,timeP2,ch2,S,SC,24hr
100_25,2104,100,time,timeP2,ch1,S,SC,24hr
100_26,4038,100,time,timeP2,ch2,S,SC,24hr
100_27,3374,100,time,timeP2,ch2,S,SC,24hr
100_28,3433,100,time,timeP2,ch1,S,SC,24hr
100_29,3642,100,time,timeP2,ch2,S,SC,24hr
100_30,2424,100,time,timeP2,ch2,S,SC,24hr
100_31,1751,100,time,timeP2,ch1,S,SC,24hr
100_32,3302,100,time,timeP2,ch1,S,SC,24hr
100_33,3199,100,time,timeP2,ch1,S,SC,24hr
100_34,2524,100,time,timeP2,ch2,S,SC,24hr
100_35,3027,100,time,timeP2,ch1,S,SC,24hr
100_36,3077,100,time,timeP2,ch2,S,SC,24hr
100_37,3147,100,time,timeP2,ch1,S,SC,24hr
100_38,2856,100,time,timeP2,ch2,S,SC,24hr
100_39,3877,100,time,timeP2,ch1,S,SC,24hr
100_40,3469,100,time,timeP2,ch1,S,SC,24hr
100_41,3074,100,time,timeP2,ch2,S,SC,24hr
100_42,3563,100,time,timeP2,ch2,S,SC,24hr
100_43,3195,100,time,timeP2,ch2,S,SC,24hr
100_44,2750,100,time,timeP2,ch1,S,SC,24hr
100_45,2856,100,time,timeP2,ch1,S,SC,24hr
100_46,2799,100,time,timeP2,ch2,S,SC,24hr
100_47,3405,100,time,timeP2,ch2,S,SC,24hr
100_48,3084,100,time,timeP2,ch1,S,SC,24hr
100_49,3106,100,time,timeP2,ch1,S,SC,24hr
100_50,3369,100,time,timeP2,ch2,S,SC,24hr
100_51,1654,100,time,timeP2,ch2,S,SC,24hr
100_52,2167,100,time,timeP2,ch1,S,SC,24hr
100_53,3189,100,time,timeP2,ch1,S,SC,24hr
100_54,2780,100,time,timeP2,ch2,S,SC,24hr
100_55,3289,100,time,timeP2,ch2,S,SC,24hr
100_56,1744,100,time,timeP2,ch1,S,SC,24hr
100_57,2081,100,time,timeP2,ch2,S,SC,24hr
100_58,3267,100,time,timeP2,ch1,S,SC,24hr
100_59,3162,100,time,timeP2,ch1,S,SC,24hr
100_61,2009,100,time,timeP2,ch2,S,SC,24hr
100_62,3274,100,time,timeP2,ch2,S,SC,24hr
100_63,2795,100,time,timeP2,ch1,S,SC,24hr
100_64,3501,100,time,timeP2,ch2,S,SC,24hr
100_65,4014,100,time,timeP2,ch1,S,SC,24hr
100_66,3261,100,time,timeP2,ch2,S,SC,24hr
100_67,3529,100,time,timeP2,ch2,S,SC,24hr
100_68,3004,100,time,timeP2,ch1,S,SC,24hr
PBS_69,3106,PBS,time,timeP2,ch1,S,SC,24hr
PBS_70,3534,PBS,time,timeP2,ch2,S,SC,24hr
PBS_71,3407,PBS,time,timeP2,ch1,S,SC,24hr
PBS_72,3106,PBS,time,timeP2,ch2,S,SC,24hr
PBS_73,2943,PBS,time,timeP2,ch2,S,SC,24hr
PBS_74,3249,PBS,time,timeP2,ch2,S,SC,24hr
PBS_75,3527,PBS,time,timeP2,ch1,S,SC,24hr
PBS_76,3101,PBS,time,timeP2,ch1,S,SC,24hr
PBS_77,3236,PBS,time,timeP2,ch1,S,SC,24hr
PBS_78,4357,PBS,time,timeP2,ch2,S,SC,24hr
PBS_79,3012,PBS,time,timeP2,ch2,S,SC,24hr
PBS_80,3437,PBS,time,timeP2,ch2,S,SC,24hr
PBS_81,3443,PBS,time,timeP2,ch1,S,SC,24hr
PBS_82,3003,PBS,time,timeP2,ch1,S,SC,24hr
PBS_83,4373,PBS,time,timeP2,ch2,S,SC,24hr
PBS_84,2742,PBS,time,timeP2,ch1,S,SC,24hr
PBS_85,3739,PBS,time,timeP2,ch2,S,SC,24hr
PBS_86,3220,PBS,time,timeP2,ch1,S,SC,24hr
PBS_87,3501,PBS,time,timeP2,ch1,S,SC,24hr
PBS_88,2932,PBS,time,timeP2,ch1,S,SC,24hr
PBS_89,3934,PBS,time,timeP2,ch2,S,SC,24hr
PBS_90,3585,PBS,time,timeP2,ch2,S,SC,24hr
PBS_91,3114,PBS,time,timeP2,ch1,S,SC,24hr
PBS_92,3360,PBS,time,timeP2,ch2,S,SC,24hr
PBS_93,3316,PBS,time,timeP2,ch1,S,SC,24hr
PBS_94,3533,PBS,time,timeP2,ch2,S,SC,24hr
PBS_95,3302,PBS,time,timeP2,ch1,S,SC,24hr
PBS_96,3382,PBS,time,timeP2,ch2,S,SC,24hr
PBS_97,3433,PBS,time,timeP2,ch2,S,SC,24hr
PBS_98,3463,PBS,time,timeP2,ch1,S,SC,24hr
PBS_99,2642,PBS,time,timeP2,ch1,S,SC,24hr
PBS_100,3070,PBS,time,timeP2,ch2,S,SC,24hr
PBS_101,2894,PBS,time,timeP2,ch1,S,SC,24hr
PBS_102,2969,PBS,time,timeP2,ch2,S,SC,24hr
PBS_103,2647,PBS,time,timeP2,ch1,S,SC,24hr
PBS_104,2941,PBS,time,timeP2,ch2,S,SC,24hr
PBS_105,4257,PBS,time,timeP2,ch2,S,SC,24hr
PBS_106,1111,PBS,time,timeP2,ch1,S,SC,24hr
PBS_107,3551,PBS,time,timeP2,ch2,S,SC,24hr
PBS_108,3304,PBS,time,timeP2,ch1,S,SC,24hr
PBS_109,3440,PBS,time,timeP2,ch1,S,SC,24hr
PBS_110,3543,PBS,time,timeP2,ch2,S,SC,24hr
PBS_111,3383,PBS,time,timeP2,ch1,S,SC,24hr
PBS_112,3971,PBS,time,timeP2,ch2,S,SC,24hr
PBS_113,2843,PBS,time,timeP2,ch1,S,SC,24hr
PBS_114,4675,PBS,time,timeP2,ch2,S,SC,24hr
PBS_115,2649,PBS,time,timeP2,ch2,S,SC,24hr
PBS_116,1401,PBS,time,timeP2,ch1,S,SC,24hr
PBS_117,3180,PBS,time,timeP2,ch2,S,SC,24hr
PBS_118,3781,PBS,time,timeP2,ch1,S,SC,24hr
PBS_119,3915,PBS,time,timeP2,ch2,S,SC,24hr
PBS_120,2113,PBS,time,timeP2,ch1,S,SC,24hr
PBS_122,3521,PBS,time,timeP2,ch1,S,SC,24hr
PBS_123,3011,PBS,time,timeP2,ch2,S,SC,24hr
PBS_124,2958,PBS,time,timeP2,ch2,S,SC,24hr
PBS_125,3018,PBS,time,timeP2,ch1,S,SC,24hr
PBS_126,1447,PBS,time,timeP2,ch1,S,SC,24hr
PBS_127,3132,PBS,time,timeP2,ch2,S,SC,24hr
PBS_129,4040,PBS,time,timeP2,ch2,S,SC,24hr
PBS_130,3159,PBS,time,timeP2,ch1,S,SC,24hr
PBS_131,4273,PBS,time,timeP2,ch1,S,SC,24hr
PBS_132,2679,PBS,time,timeP2,ch2,S,SC,24hr
PBS_133,3108,PBS,time,timeP2,ch1,S,SC,24hr
PBS_134,3516,PBS,time,timeP2,ch2,S,SC,24hr
PBS_135,4900,PBS,time,timeP2,ch1,S,SC,24hr
PBS_136,3295,PBS,time,timeP2,ch2,S,SC,24hr
PBS_137,3243,PBS,time,timeP2,ch1,S,SC,24hr
PBS_138,3366,PBS,time,timeP2,ch2,S,SC,24hr
100_139,3216,100,time,timeP3,ch1,S,SC,24hr
100_140,2481,100,time,timeP3,ch2,S,SC,24hr
100_141,1761,100,time,timeP3,ch2,S,SC,24hr
100_142,3222,100,time,timeP3,ch1,S,SC,24hr
100_143,2193,100,time,timeP3,ch2,S,SC,24hr
100_144,1712,100,time,timeP3,ch1,S,SC,24hr
100_145,3747,100,time,timeP3,ch2,S,SC,24hr
100_146,3830,100,time,timeP3,ch2,S,SC,24hr
100_147,3310,100,time,timeP3,ch1,S,SC,24hr
100_148,3218,100,time,timeP3,ch1,S,SC,24hr
100_149,3741,100,time,timeP3,ch2,S,SC,24hr
100_150,3765,100,time,timeP3,ch1,S,SC,24hr
100_151,2685,100,time,timeP3,ch1,S,SC,24hr
100_152,3536,100,time,timeP3,ch2,S,SC,24hr
100_153,3281,100,time,timeP3,ch1,S,SC,24hr
100_154,3354,100,time,timeP3,ch2,S,SC,24hr
100_155,3999,100,time,timeP3,ch1,S,SC,24hr
100_157,3399,100,time,timeP3,ch1,S,SC,24hr
100_158,3674,100,time,timeP3,ch2,S,SC,24hr
100_159,3356,100,time,timeP3,ch2,S,SC,24hr
100_160,3985,100,time,timeP3,ch1,S,SC,24hr
100_161,3467,100,time,timeP3,ch1,S,SC,24hr
100_162,3617,100,time,timeP3,ch2,S,SC,24hr
100_163,3304,100,time,timeP3,ch2,S,SC,24hr
100_164,2629,100,time,timeP3,ch2,S,SC,24hr
100_165,1706,100,time,timeP3,ch1,S,SC,24hr
100_166,3173,100,time,timeP3,ch2,S,SC,24hr
100_167,3269,100,time,timeP3,ch1,S,SC,24hr
100_168,2562,100,time,timeP3,ch1,S,SC,24hr
100_169,1711,100,time,timeP3,ch1,S,SC,24hr
100_170,3634,100,time,timeP3,ch2,S,SC,24hr
100_171,3534,100,time,timeP3,ch2,S,SC,24hr
100_172,1826,100,time,timeP3,ch1,S,SC,24hr
100_173,2309,100,time,timeP3,ch2,S,SC,24hr
100_174,3815,100,time,timeP3,ch1,S,SC,24hr
100_175,1165,100,time,timeP3,ch1,S,SC,24hr
100_176,3595,100,time,timeP3,ch2,S,SC,24hr
100_177,2178,100,time,timeP3,ch1,S,SC,24hr
100_178,2171,100,time,timeP3,ch2,S,SC,24hr
100_179,3167,100,time,timeP3,ch2,S,SC,24hr
100_180,3672,100,time,timeP3,ch1,S,SC,24hr
100_181,3156,100,time,timeP3,ch2,S,SC,24hr
100_183,3381,100,time,timeP3,ch1,S,SC,24hr
100_184,3058,100,time,timeP3,ch2,S,SC,24hr
100_185,3053,100,time,timeP3,ch2,S,SC,24hr
100_186,3034,100,time,timeP3,ch1,S,SC,24hr
100_187,3413,100,time,timeP3,ch1,S,SC,24hr
100_188,3285,100,time,timeP3,ch2,S,SC,24hr
100_189,3306,100,time,timeP3,ch2,S,SC,24hr
100_190,2474,100,time,timeP3,ch1,S,SC,24hr
100_191,3662,100,time,timeP3,ch2,S,SC,24hr
100_192,3491,100,time,timeP3,ch1,S,SC,24hr
100_193,3488,100,time,timeP3,ch1,S,SC,24hr
100_194,3178,100,time,timeP3,ch2,S,SC,24hr
100_195,3530,100,time,timeP3,ch2,S,SC,24hr
100_196,3663,100,time,timeP3,ch1,S,SC,24hr
100_197,3565,100,time,timeP3,ch1,S,SC,24hr
100_198,1893,100,time,timeP3,ch2,S,SC,24hr
100_199,3293,100,time,timeP3,ch1,S,SC,24hr
100_200,3067,100,time,timeP3,ch2,S,SC,24hr
100_201,1224,100,time,timeP3,ch1,S,SC,24hr
100_202,2828,100,time,timeP3,ch2,S,SC,24hr
100_204,3276,100,time,timeP3,ch1,S,SC,24hr
100_205,2200,100,time,timeP3,ch2,S,SC,24hr
100_206,3087,100,time,timeP3,ch1,S,SC,24hr
100_207,2804,100,time,timeP3,ch2,S,SC,24hr
100_208,2940,100,time,timeP3,ch1,S,SC,24hr
100_209,2962,100,time,timeP3,ch1,S,SC,24hr
100_211,2746,100,time,timeP3,ch2,S,SC,24hr
100_212,3008,100,time,timeP3,ch1,S,SC,24hr
100_213,2779,100,time,timeP3,ch2,S,SC,24hr
100_214,2867,100,time,timeP3,ch1,S,SC,24hr
PBS_215,3253,PBS,time,timeP3,ch2,S,SC,24hr
PBS_216,2888,PBS,time,timeP3,ch1,S,SC,24hr
PBS_217,3310,PBS,time,timeP3,ch1,S,SC,24hr
PBS_218,3322,PBS,time,timeP3,ch2,S,SC,24hr
PBS_219,2890,PBS,time,timeP3,ch1,S,SC,24hr
PBS_220,3661,PBS,time,timeP3,ch2,S,SC,24hr
PBS_221,3547,PBS,time,timeP3,ch2,S,SC,24hr
PBS_222,3413,PBS,time,timeP3,ch1,S,SC,24hr
PBS_224,4375,PBS,time,timeP3,ch1,S,SC,24hr
PBS_225,3493,PBS,time,timeP3,ch1,S,SC,24hr
PBS_226,2838,PBS,time,timeP3,ch2,S,SC,24hr
PBS_227,4020,PBS,time,timeP3,ch2,S,SC,24hr
PBS_228,3367,PBS,time,timeP3,ch1,S,SC,24hr
PBS_229,4077,PBS,time,timeP3,ch1,S,SC,24hr
PBS_230,3329,PBS,time,timeP3,ch2,S,SC,24hr
PBS_231,3724,PBS,time,timeP3,ch1,S,SC,24hr
PBS_232,2845,PBS,time,timeP3,ch2,S,SC,24hr
PBS_233,3172,PBS,time,timeP3,ch1,S,SC,24hr
PBS_234,3034,PBS,time,timeP3,ch2,S,SC,24hr
PBS_235,3611,PBS,time,timeP3,ch1,S,SC,24hr
PBS_236,3142,PBS,time,timeP3,ch2,S,SC,24hr
PBS_237,3246,PBS,time,timeP3,ch2,S,SC,24hr
PBS_238,3234,PBS,time,timeP3,ch1,S,SC,24hr
PBS_239,4482,PBS,time,timeP3,ch2,S,SC,24hr
PBS_240,3006,PBS,time,timeP3,ch1,S,SC,24hr
PBS_241,3428,PBS,time,timeP3,ch2,S,SC,24hr
PBS_242,2958,PBS,time,timeP3,ch1,S,SC,24hr
PBS_243,2911,PBS,time,timeP3,ch1,S,SC,24hr
PBS_244,3320,PBS,time,timeP3,ch2,S,SC,24hr
PBS_245,2889,PBS,time,timeP3,ch1,S,SC,24hr
PBS_246,3004,PBS,time,timeP3,ch2,S,SC,24hr
PBS_247,2984,PBS,time,timeP3,ch2,S,SC,24hr
PBS_248,3014,PBS,time,timeP3,ch1,S,SC,24hr
PBS_249,3116,PBS,time,timeP3,ch2,S,SC,24hr
PBS_250,4153,PBS,time,timeP3,ch1,S,SC,24hr
PBS_251,3255,PBS,time,timeP3,ch2,S,SC,24hr
PBS_253,2926,PBS,time,timeP3,ch1,S,SC,24hr
PBS_254,2491,PBS,time,timeP3,ch2,S,SC,24hr
PBS_255,3237,PBS,time,timeP3,ch1,S,SC,24hr
PBS_256,1188,PBS,time,timeP3,ch2,S,SC,24hr
PBS_257,3793,PBS,time,timeP3,ch2,S,SC,24hr
PBS_258,4075,PBS,time,timeP3,ch1,S,SC,24hr
PBS_259,2935,PBS,time,timeP3,ch1,S,SC,24hr
PBS_260,2594,PBS,time,timeP3,ch2,S,SC,24hr
PBS_261,4455,PBS,time,timeP3,ch1,S,SC,24hr
PBS_262,2725,PBS,time,timeP3,ch2,S,SC,24hr
PBS_263,3221,PBS,time,timeP3,ch1,S,SC,24hr
PBS_264,2695,PBS,time,timeP3,ch2,S,SC,24hr
PBS_265,3196,PBS,time,timeP3,ch1,S,SC,24hr
PBS_267,2653,PBS,time,timeP3,ch1,S,SC,24hr
PBS_268,3510,PBS,time,timeP3,ch1,S,SC,24hr
PBS_269,3013,PBS,time,timeP3,ch2,S,SC,24hr
PBS_270,2752,PBS,time,timeP3,ch1,S,SC,24hr
PBS_271,2486,PBS,time,timeP3,ch2,S,SC,24hr
PBS_272,3030,PBS,time,timeP3,ch2,S,SC,24hr
PBS_273,2611,PBS,time,timeP3,ch2,S,SC,24hr
PBS_274,3123,PBS,time,timeP3,ch1,S,SC,24hr
PBS_275,2638,PBS,time,timeP3,ch2,S,SC,24hr
PBS_276,1268,PBS,time,timeP3,ch1,S,SC,24hr
PBS_277,2433,PBS,time,timeP3,ch1,S,SC,24hr
PBS_278,3064,PBS,time,timeP3,ch2,S,SC,24hr
PBS_279,2803,PBS,time,timeP3,ch1,S,SC,24hr
PBS_280,2924,PBS,time,timeP3,ch2,S,SC,24hr
PBS_281,2331,PBS,time,timeP3,ch2,S,SC,24hr
PBS_282,2636,PBS,time,timeP3,ch1,S,SC,24hr
PBS_286,2947,PBS,time,timeP3,ch2,S,SC,24hr
PBS_287,2991,PBS,time,timeP3,ch1,S,SC,24hr
PBS_288,2737,PBS,time,timeP3,ch2,S,SC,24hr
PBS_289,2460,PBS,time,timeP3,ch1,S,SC,24hr
PBS_290,3033,PBS,time,timeP3,ch2,S,SC,24hr
PBS_291,1651,PBS,time,timeP3,ch1,S,SC,24hr
PBS_292,3614,PBS,time,timeP3,ch2,S,SC,24hr
100_294,2858,100,time,timeP4,ch2,S,SC,24hr
100_295,3204,100,time,timeP4,ch2,S,SC,24hr
100_296,3735,100,time,timeP4,ch1,S,SC,24hr
100_297,3369,100,time,timeP4,ch2,S,SC,24hr
100_298,3587,100,time,timeP4,ch1,S,SC,24hr
100_300,3281,100,time,timeP4,ch2,S,SC,24hr
100_301,3441,100,time,timeP4,ch1,S,SC,24hr
100_302,3370,100,time,timeP4,ch2,S,SC,24hr
100_303,2823,100,time,timeP4,ch2,S,SC,24hr
100_304,3837,100,time,timeP4,ch1,S,SC,24hr
100_305,3393,100,time,timeP4,ch1,S,SC,24hr
100_306,1527,100,time,timeP4,ch2,S,SC,24hr
100_307,1761,100,time,timeP4,ch1,S,SC,24hr
100_308,3087,100,time,timeP4,ch2,S,SC,24hr
100_309,3997,100,time,timeP4,ch1,S,SC,24hr
100_310,1505,100,time,timeP4,ch2,S,SC,24hr
100_312,3729,100,time,timeP4,ch2,S,SC,24hr
100_313,3746,100,time,timeP4,ch1,S,SC,24hr
100_314,3132,100,time,timeP4,ch2,S,SC,24hr
100_315,2615,100,time,timeP4,ch1,S,SC,24hr
100_316,3132,100,time,timeP4,ch2,S,SC,24hr
100_317,3564,100,time,timeP4,ch1,S,SC,24hr
100_318,3212,100,time,timeP4,ch2,S,SC,24hr
100_319,3316,100,time,timeP4,ch1,S,SC,24hr
100_320,2062,100,time,timeP4,ch2,S,SC,24hr
100_321,3960,100,time,timeP4,ch2,S,SC,24hr
100_322,3153,100,time,timeP4,ch1,S,SC,24hr
100_323,1529,100,time,timeP4,ch1,S,SC,24hr
100_324,3186,100,time,timeP4,ch2,S,SC,24hr
100_325,2141,100,time,timeP4,ch1,S,SC,24hr
100_326,2045,100,time,timeP4,ch2,S,SC,24hr
100_327,3517,100,time,timeP4,ch1,S,SC,24hr
100_328,3088,100,time,timeP4,ch2,S,SC,24hr
100_329,3490,100,time,timeP4,ch2,S,SC,24hr
100_330,3444,100,time,timeP4,ch1,S,SC,24hr
100_331,2940,100,time,timeP4,ch2,S,SC,24hr
100_332,3915,100,time,timeP4,ch1,S,SC,24hr
100_333,2285,100,time,timeP4,ch1,S,SC,24hr
100_334,3148,100,time,timeP4,ch2,S,SC,24hr
100_335,2945,100,time,timeP4,ch1,S,SC,24hr
100_336,3458,100,time,timeP4,ch2,S,SC,24hr
100_337,3770,100,time,timeP4,ch1,S,SC,24hr
100_338,3054,100,time,timeP4,ch2,S,SC,24hr
100_339,3113,100,time,timeP4,ch2,S,SC,24hr
100_340,3776,100,time,timeP4,ch1,S,SC,24hr
100_342,3325,100,time,timeP4,ch1,S,SC,24hr
100_344,3385,100,time,timeP4,ch2,S,SC,24hr
100_345,2631,100,time,timeP4,ch2,S,SC,24hr
100_346,3232,100,time,timeP4,ch1,S,SC,24hr
100_347,3202,100,time,timeP4,ch2,S,SC,24hr
100_348,3200,100,time,timeP4,ch1,S,SC,24hr
100_350,3493,100,time,timeP4,ch1,S,SC,24hr
100_351,3105,100,time,timeP4,ch1,S,SC,24hr
100_352,1873,100,time,timeP4,ch2,S,SC,24hr
100_353,2710,100,time,timeP4,ch2,S,SC,24hr
100_355,3362,100,time,timeP4,ch2,S,SC,24hr
100_356,1655,100,time,timeP4,ch1,S,SC,24hr
100_357,2743,100,time,timeP4,ch1,S,SC,24hr
100_358,1833,100,time,timeP4,ch2,S,SC,24hr
100_359,3279,100,time,timeP4,ch1,S,SC,24hr
100_360,3419,100,time,timeP4,ch2,S,SC,24hr
100_361,3272,100,time,timeP4,ch1,S,SC,24hr
100_362,3243,100,time,timeP4,ch2,S,SC,24hr
PBS_363,2731,PBS,time,timeP4,ch1,S,SC,24hr
PBS_364,3301,PBS,time,timeP4,ch2,S,SC,24hr
PBS_365,4767,PBS,time,timeP4,ch1,S,SC,24hr
PBS_366,3712,PBS,time,timeP4,ch2,S,SC,24hr
PBS_367,2818,PBS,time,timeP4,ch2,S,SC,24hr
PBS_368,3542,PBS,time,timeP4,ch1,S,SC,24hr
PBS_372,2890,PBS,time,timeP4,ch2,S,SC,24hr
PBS_373,2791,PBS,time,timeP4,ch2,S,SC,24hr
PBS_374,3005,PBS,time,timeP4,ch1,S,SC,24hr
PBS_375,3756,PBS,time,timeP4,ch1,S,SC,24hr
PBS_376,1816,PBS,time,timeP4,ch2,S,SC,24hr
PBS_377,2845,PBS,time,timeP4,ch2,S,SC,24hr
PBS_378,3900,PBS,time,timeP4,ch1,S,SC,24hr
PBS_380,3424,PBS,time,timeP4,ch1,S,SC,24hr
PBS_381,1637,PBS,time,timeP4,ch1,S,SC,24hr
PBS_382,3765,PBS,time,timeP4,ch2,S,SC,24hr
PBS_383,3172,PBS,time,timeP4,ch1,S,SC,24hr
PBS_384,2334,PBS,time,timeP4,ch2,S,SC,24hr
PBS_385,2902,PBS,time,timeP4,ch2,S,SC,24hr
PBS_386,2551,PBS,time,timeP4,ch1,S,SC,24hr
PBS_387,3225,PBS,time,timeP4,ch1,S,SC,24hr
PBS_388,3380,PBS,time,timeP4,ch2,S,SC,24hr
PBS_389,4101,PBS,time,timeP4,ch1,S,SC,24hr
PBS_390,2623,PBS,time,timeP4,ch2,S,SC,24hr
PBS_391,2757,PBS,time,timeP4,ch1,S,SC,24hr
PBS_392,3376,PBS,time,timeP4,ch2,S,SC,24hr
PBS_393,3336,PBS,time,timeP4,ch1,S,SC,24hr
PBS_394,2178,PBS,time,timeP4,ch2,S,SC,24hr
PBS_395,3849,PBS,time,timeP4,ch1,S,SC,24hr
PBS_396,4245,PBS,time,timeP4,ch2,S,SC,24hr
PBS_398,2772,PBS,time,timeP4,ch2,S,SC,24hr
PBS_399,2976,PBS,time,timeP4,ch1,S,SC,24hr
PBS_400,2557,PBS,time,timeP4,ch2,S,SC,24hr
PBS_402,3937,PBS,time,timeP4,ch1,S,SC,24hr
PBS_403,2772,PBS,time,timeP4,ch2,S,SC,24hr
PBS_404,3490,PBS,time,timeP4,ch1,S,SC,24hr
PBS_405,3318,PBS,time,timeP4,ch1,S,SC,24hr
PBS_406,2250,PBS,time,timeP4,ch2,S,SC,24hr
PBS_407,3720,PBS,time,timeP4,ch1,S,SC,24hr
PBS_408,1599,PBS,time,timeP4,ch2,S,SC,24hr
PBS_409,2250,PBS,time,timeP4,ch1,S,SC,24hr
PBS_410,3177,PBS,time,timeP4,ch1,S,SC,24hr
PBS_411,3138,PBS,time,timeP4,ch2,S,SC,24hr
PBS_413,2865,PBS,time,timeP4,ch1,S,SC,24hr
PBS_414,2508,PBS,time,timeP4,ch2,S,SC,24hr
PBS_415,2557,PBS,time,timeP4,ch2,S,SC,24hr
PBS_416,3112,PBS,time,timeP4,ch1,S,SC,24hr
PBS_417,3495,PBS,time,timeP4,ch1,S,SC,24hr
PBS_418,3183,PBS,time,timeP4,ch2,S,SC,24hr
PBS_419,2626,PBS,time,timeP4,ch2,S,SC,24hr
PBS_420,3020,PBS,time,timeP4,ch1,S,SC,24hr
PBS_421,3061,PBS,time,timeP4,ch1,S,SC,24hr
PBS_422,2868,PBS,time,timeP4,ch2,S,SC,24hr
PBS_423,2508,PBS,time,timeP4,ch2,S,SC,24hr
PBS_424,3065,PBS,time,timeP4,ch1,S,SC,24hr
PBS_425,4537,PBS,time,timeP4,ch1,S,SC,24hr
PBS_426,1240,PBS,time,timeP4,ch2,S,SC,24hr
PBS_427,2626,PBS,time,timeP4,ch1,S,SC,24hr
PBS_428,3281,PBS,time,timeP4,ch2,S,SC,24hr
PBS_429,3705,PBS,time,timeP4,ch2,S,SC,24hr
PBS_430,4259,PBS,time,timeP4,ch1,S,SC,24hr
PBS_432,2701,PBS,time,timeP4,ch1,S,SC,24hr
PBS_433,3878,PBS,time,timeP4,ch2,S,SC,24hr
PBS_435,1376,PBS,time,timeP4,ch1,S,SC,24hr
PBS_436,2696,PBS,time,timeP4,ch2,S,SC,24hr
PBS_437,3205,PBS,time,timeP4,ch1,S,SC,24hr
PBS_438,2920,PBS,time,timeP4,ch2,S,SC,24hr
PBS_439,3497,PBS,time,timeP4,ch1,S,SC,24hr
PBS_440,3141,PBS,time,timeP4,ch1,S,SC,24hr
PBS_441,3014,PBS,time,timeP4,ch2,S,SC,24hr
PBS_442,3006,PBS,time,timeP4,ch2,S,SC,24hr
100_443,3033,100,Gate,GateP2,ch1,S,SC,24hr
100_444,1579,100,Gate,GateP2,ch2,S,SC,24hr
100_445,1671,100,Gate,GateP2,ch2,S,SC,24hr
100_446,1718,100,Gate,GateP2,ch1,S,SC,24hr
100_447,3218,100,Gate,GateP2,ch2,S,SC,24hr
100_449,1623,100,Gate,GateP2,ch1,S,SC,24hr
100_450,2874,100,Gate,GateP2,ch2,S,SC,24hr
100_451,3190,100,Gate,GateP2,ch2,S,SC,24hr
100_452,2315,100,Gate,GateP2,ch1,S,SC,24hr
100_453,2668,100,Gate,GateP2,ch2,S,SC,24hr
100_454,2329,100,Gate,GateP2,ch1,S,SC,24hr
100_455,1761,100,Gate,GateP2,ch1,S,SC,24hr
100_456,2999,100,Gate,GateP2,ch2,S,SC,24hr
100_457,1816,100,Gate,GateP2,ch2,S,SC,24hr
100_458,3098,100,Gate,GateP2,ch1,S,SC,24hr
100_459,1444,100,Gate,GateP2,ch2,S,SC,24hr
100_460,2060,100,Gate,GateP2,ch1,S,SC,24hr
100_461,3344,100,Gate,GateP2,ch1,S,SC,24hr
100_462,3279,100,Gate,GateP2,ch2,S,SC,24hr
100_464,3682,100,Gate,GateP2,ch1,S,SC,24hr
100_465,1413,100,Gate,GateP2,ch1,S,SC,24hr
100_466,1401,100,Gate,GateP2,ch2,S,SC,24hr
100_467,3010,100,Gate,GateP2,ch1,S,SC,24hr
100_468,2938,100,Gate,GateP2,ch2,S,SC,24hr
100_469,3264,100,Gate,GateP2,ch1,S,SC,24hr
100_471,2901,100,Gate,GateP2,ch2,S,SC,24hr
100_472,1797,100,Gate,GateP2,ch1,S,SC,24hr
100_473,2922,100,Gate,GateP2,ch2,S,SC,24hr
100_474,1554,100,Gate,GateP2,ch1,S,SC,24hr
100_475,3153,100,Gate,GateP2,ch1,S,SC,24hr
100_476,1843,100,Gate,GateP2,ch2,S,SC,24hr
100_477,3379,100,Gate,GateP2,ch1,S,SC,24hr
100_478,3090,100,Gate,GateP2,ch2,S,SC,24hr
100_479,2798,100,Gate,GateP2,ch1,S,SC,24hr
100_480,3405,100,Gate,GateP2,ch2,S,SC,24hr
100_481,3316,100,Gate,GateP2,ch1,S,SC,24hr
100_482,2810,100,Gate,GateP2,ch2,S,SC,24hr
100_483,2183,100,Gate,GateP2,ch1,S,SC,24hr
100_484,2564,100,Gate,GateP2,ch2,S,SC,24hr
100_485,3917,100,Gate,GateP2,ch2,S,SC,24hr
100_486,3073,100,Gate,GateP2,ch1,S,SC,24hr
100_487,3072,100,Gate,GateP2,ch2,S,SC,24hr
100_488,3246,100,Gate,GateP2,ch1,S,SC,24hr
100_489,3779,100,Gate,GateP2,ch1,S,SC,24hr
100_490,2075,100,Gate,GateP2,ch2,S,SC,24hr
100_492,1389,100,Gate,GateP2,ch1,S,SC,24hr
100_493,2884,100,Gate,GateP2,ch1,S,SC,24hr
100_494,1559,100,Gate,GateP2,ch2,S,SC,24hr
100_495,3023,100,Gate,GateP2,ch2,S,SC,24hr
100_496,1620,100,Gate,GateP2,ch1,S,SC,24hr
100_497,2975,100,Gate,GateP2,ch2,S,SC,24hr
100_498,3461,100,Gate,GateP2,ch1,S,SC,24hr
100_499,2749,100,Gate,GateP2,ch2,S,SC,24hr
100_500,3753,100,Gate,GateP2,ch1,S,SC,24hr
100_501,2876,100,Gate,GateP2,ch2,S,SC,24hr
100_502,2997,100,Gate,GateP2,ch1,S,SC,24hr
100_504,2852,100,Gate,GateP2,ch2,S,SC,24hr
100_505,2225,100,Gate,GateP2,ch2,S,SC,24hr
100_506,1540,100,Gate,GateP2,ch1,S,SC,24hr
100_507,3187,100,Gate,GateP2,ch1,S,SC,24hr
100_508,1531,100,Gate,GateP2,ch2,S,SC,24hr
100_509,3183,100,Gate,GateP2,ch1,S,SC,24hr
100_510,2995,100,Gate,GateP2,ch2,S,SC,24hr
100_511,2852,100,Gate,GateP2,ch1,S,SC,24hr
100_512,1957,100,Gate,GateP2,ch2,S,SC,24hr
100_513,1922,100,Gate,GateP2,ch1,S,SC,24hr
100_515,2251,100,Gate,GateP2,ch1,S,SC,24hr
100_516,2960,100,Gate,GateP2,ch2,S,SC,24hr
100_518,2851,100,Gate,GateP2,ch1,S,SC,24hr
100_519,2872,100,Gate,GateP2,ch2,S,SC,24hr
100_520,1772,100,Gate,GateP2,ch1,S,SC,24hr
100_521,2976,100,Gate,GateP2,ch2,S,SC,24hr
100_523,1763,100,Gate,GateP2,ch1,S,SC,24hr
100_524,1737,100,Gate,GateP2,ch2,S,SC,24hr
100_525,3226,100,Gate,GateP2,ch2,S,SC,24hr
100_526,1574,100,Gate,GateP2,ch1,S,SC,24hr
100_527,1932,100,Gate,GateP2,ch2,S,SC,24hr
100_528,1376,100,Gate,GateP2,ch1,S,SC,24hr
100_529,1629,100,Gate,GateP2,ch2,S,SC,24hr
100_530,2930,100,Gate,GateP2,ch1,S,SC,24hr
100_531,3497,100,Gate,GateP2,ch1,S,SC,24hr
100_532,1592,100,Gate,GateP2,ch2,S,SC,24hr
100_533,1909,100,Gate,GateP2,ch2,S,SC,24hr
100_535,2246,100,Gate,GateP2,ch1,S,SC,24hr
100_536,1454,100,Gate,GateP2,ch2,S,SC,24hr
100_537,1712,100,Gate,GateP2,ch1,S,SC,24hr
100_538,2861,100,Gate,GateP2,ch2,S,SC,24hr
100_539,1267,100,Gate,GateP2,ch2,S,SC,24hr
100_540,1662,100,Gate,GateP2,ch1,S,SC,24hr
100_541,3132,100,Gate,GateP2,ch1,S,SC,24hr
100_542,2750,100,Gate,GateP2,ch2,S,SC,24hr
100_543,3254,100,Gate,GateP2,ch1,S,SC,24hr
100_544,3282,100,Gate,GateP2,ch2,S,SC,24hr
100_545,1556,100,Gate,GateP2,ch2,S,SC,24hr
100_546,2612,100,Gate,GateP2,ch1,S,SC,24hr
100_547,3403,100,Gate,GateP2,ch2,S,SC,24hr
100_548,2037,100,Gate,GateP2,ch1,S,SC,24hr
100_549,2201,100,Gate,GateP2,ch1,S,SC,24hr
100_550,1611,100,Gate,GateP2,ch2,S,SC,24hr
100_551,3612,100,Gate,GateP2,ch1,S,SC,24hr
100_552,2479,100,Gate,GateP2,ch2,S,SC,24hr
100_553,3168,100,Gate,GateP2,ch2,S,SC,24hr
100_554,3975,100,Gate,GateP2,ch1,S,SC,24hr
100_555,3110,100,Gate,GateP2,ch2,S,SC,24hr
100_556,3062,100,Gate,GateP2,ch1,S,SC,24hr
100_557,3801,100,Gate,GateP2,ch2,S,SC,24hr
100_558,1869,100,Gate,GateP2,ch1,S,SC,24hr
100_559,1846,100,Gate,GateP2,ch1,S,SC,24hr
100_560,1512,100,Gate,GateP2,ch2,S,SC,24hr
100_561,3422,100,Gate,GateP2,ch2,S,SC,24hr
100_562,2255,100,Gate,GateP2,ch1,S,SC,24hr
100_563,1288,100,Gate,GateP2,ch1,S,SC,24hr
100_564,2735,100,Gate,GateP2,ch2,S,SC,24hr
100_566,1584,100,Gate,GateP2,ch2,S,SC,24hr
100_567,1495,100,Gate,GateP2,ch1,S,SC,24hr
100_568,1759,100,Gate,GateP2,ch2,S,SC,24hr
100_569,2756,100,Gate,GateP2,ch1,S,SC,24hr
100_570,2756,100,Gate,GateP2,ch2,S,SC,24hr
100_571,3187,100,Gate,GateP2,ch2,S,SC,24hr
100_572,1745,100,Gate,GateP2,ch1,S,SC,24hr
100_573,3294,100,Gate,GateP2,ch1,S,SC,24hr
100_574,3454,100,Gate,GateP2,ch2,S,SC,24hr
100_576,3068,100,Gate,GateP2,ch2,S,SC,24hr
100_577,2989,100,Gate,GateP2,ch2,S,SC,24hr
100_578,1624,100,Gate,GateP2,ch1,S,SC,24hr
100_579,3043,100,Gate,GateP2,ch1,S,SC,24hr
100_580,1822,100,Gate,GateP2,ch2,S,SC,24hr
100_581,2953,100,Gate,GateP2,ch2,S,SC,24hr
100_582,2899,100,Gate,GateP2,ch1,S,SC,24hr
100_583,3210,100,Gate,GateP2,ch1,S,SC,24hr
100_585,3025,100,Gate,GateP2,ch1,S,SC,24hr
100_586,2948,100,Gate,GateP2,ch2,S,SC,24hr
100_587,2215,100,Gate,GateP2,ch2,S,SC,24hr
100_588,2389,100,Gate,GateP2,ch1,S,SC,24hr
100_589,3034,100,Gate,GateP2,ch1,S,SC,24hr
100_590,2560,100,Gate,GateP2,ch2,S,SC,24hr
100_591,2986,100,Gate,GateP2,ch2,S,SC,24hr
100_593,3040,100,Gate,GateP2,ch1,S,SC,24hr
100_594,1766,100,Gate,GateP2,ch2,S,SC,24hr
100_595,1641,100,Gate,GateP2,ch1,S,SC,24hr
100_596,2587,100,Gate,GateP2,ch2,S,SC,24hr
100_597,2889,100,Gate,GateP2,ch1,S,SC,24hr
100_598,3517,100,Gate,GateP2,ch2,S,SC,24hr
100_599,2736,100,Gate,GateP2,ch1,S,SC,24hr
100_600,1814,100,Gate,GateP2,ch2,S,SC,24hr
100_602,3415,100,Gate,GateP2,ch2,S,SC,24hr
100_604,1707,100,Gate,GateP2,ch1,S,SC,24hr
100_605,1848,100,Gate,GateP2,ch1,S,SC,24hr
100_606,2886,100,Gate,GateP2,ch2,S,SC,24hr
100_607,2974,100,Gate,GateP2,ch1,S,SC,24hr
100_608,2658,100,Gate,GateP2,ch2,S,SC,24hr
100_610,2847,100,Gate,GateP2,ch2,S,SC,24hr
100_611,1903,100,Gate,GateP2,ch1,S,SC,24hr
100_612,2700,100,Gate,GateP2,ch2,S,SC,24hr
100_613,3431,100,Gate,GateP2,ch1,S,SC,24hr
100_614,1698,100,Gate,GateP2,ch2,S,SC,24hr
100_615,1518,100,Gate,GateP2,ch1,S,SC,24hr
100_616,2256,100,Gate,GateP2,ch2,S,SC,24hr
100_618,2875,100,Gate,GateP2,ch2,S,SC,24hr
100_619,1341,100,Gate,GateP2,ch1,S,SC,24hr
100_620,2720,100,Gate,GateP2,ch2,S,SC,24hr
100_621,3011,100,Gate,GateP2,ch2,S,SC,24hr
100_622,3227,100,Gate,GateP2,ch1,S,SC,24hr
100_623,3079,100,Gate,GateP2,ch2,S,SC,24hr
100_624,3685,100,Gate,GateP2,ch1,S,SC,24hr
100_625,2865,100,Gate,GateP2,ch1,S,SC,24hr
100_626,1874,100,Gate,GateP2,ch2,S,SC,24hr
100_627,1893,100,Gate,GateP2,ch2,S,SC,24hr
100_628,3470,100,Gate,GateP2,ch1,S,SC,24hr
100_630,3263,100,Gate,GateP2,ch2,S,SC,24hr
100_631,2886,100,Gate,GateP2,ch1,S,SC,24hr
100_632,1253,100,Gate,GateP2,ch2,S,SC,24hr
100_633,2972,100,Gate,GateP2,ch2,S,SC,24hr
100_634,1707,100,Gate,GateP2,ch1,S,SC,24hr
100_635,3144,100,Gate,GateP2,ch2,S,SC,24hr
100_636,1646,100,Gate,GateP2,ch1,S,SC,24hr
100_638,1589,100,Gate,GateP2,ch1,S,SC,24hr
100_639,2677,100,Gate,GateP2,ch2,S,SC,24hr
100_640,1764,100,Gate,GateP2,ch1,S,SC,24hr
100_641,3199,100,Gate,GateP2,ch1,S,SC,24hr
100_642,2500,100,Gate,GateP2,ch2,S,SC,24hr
100_643,3165,100,Gate,GateP2,ch2,S,SC,24hr
100_644,1560,100,Gate,GateP2,ch1,S,SC,24hr
100_645,2682,100,Gate,GateP2,ch2,S,SC,24hr
100_646,2368,100,Gate,GateP2,ch1,S,SC,24hr
100_647,2694,100,Gate,GateP2,ch2,S,SC,24hr
100_648,1913,100,Gate,GateP2,ch1,S,SC,24hr
100_649,2097,100,Gate,GateP2,ch2,S,SC,24hr
100_650,2549,100,Gate,GateP2,ch1,S,SC,24hr
100_651,1762,100,Gate,GateP2,ch2,S,SC,24hr
100_652,2046,100,Gate,GateP2,ch1,S,SC,24hr
100_653,3442,100,Gate,GateP2,ch1,S,SC,24hr
100_655,1836,100,Gate,GateP2,ch1,S,SC,24hr
100_656,2679,100,Gate,GateP2,ch2,S,SC,24hr
100_657,2750,100,Gate,GateP2,ch2,S,SC,24hr
100_658,1552,100,Gate,GateP2,ch1,S,SC,24hr
100_659,2886,100,Gate,GateP2,ch2,S,SC,24hr
100_660,1415,100,Gate,GateP2,ch1,S,SC,24hr
100_661,2674,100,Gate,GateP2,ch2,S,SC,24hr
100_662,1576,100,Gate,GateP2,ch1,S,SC,24hr
100_663,3104,100,Gate,GateP2,ch1,S,SC,24hr
100_664,1552,100,Gate,GateP2,ch2,S,SC,24hr
100_665,2829,100,Gate,GateP2,ch2,S,SC,24hr
100_666,2959,100,Gate,GateP2,ch1,S,SC,24hr
100_667,2730,100,Gate,GateP2,ch1,S,SC,24hr
100_668,1659,100,Gate,GateP2,ch2,S,SC,24hr
100_669,1803,100,Gate,GateP2,ch2,S,SC,24hr
100_670,1604,100,Gate,GateP2,ch1,S,SC,24hr
100_671,3266,100,Gate,GateP2,ch1,S,SC,24hr
100_672,2169,100,Gate,GateP2,ch2,S,SC,24hr
100_673,3109,100,Gate,GateP2,ch1,S,SC,24hr
100_674,2297,100,Gate,GateP2,ch2,S,SC,24hr
100_675,1514,100,Gate,GateP2,ch2,S,SC,24hr
100_676,3538,100,Gate,GateP2,ch1,S,SC,24hr
100_678,3160,100,Gate,GateP2,ch1,S,SC,24hr
100_679,1604,100,Gate,GateP2,ch2,S,SC,24hr
100_680,2757,100,Gate,GateP2,ch1,S,SC,24hr
100_681,1965,100,Gate,GateP2,ch1,S,SC,24hr
100_682,2050,100,Gate,GateP2,ch2,S,SC,24hr
100_683,1708,100,Gate,GateP2,ch2,S,SC,24hr
100_684,3250,100,Gate,GateP2,ch1,S,SC,24hr
100_685,3270,100,Gate,GateP2,ch1,S,SC,24hr
100_686,2781,100,Gate,GateP2,ch2,S,SC,24hr
100_687,2972,100,Gate,GateP2,ch1,S,SC,24hr
100_688,1193,100,Gate,GateP2,ch2,S,SC,24hr
100_689,1493,100,Gate,GateP2,ch2,S,SC,24hr
100_690,1810,100,Gate,GateP2,ch1,S,SC,24hr
100_691,1933,100,Gate,GateP2,ch1,S,SC,24hr
100_692,2625,100,Gate,GateP2,ch2,S,SC,24hr
100_693,3117,100,Gate,GateP2,ch1,S,SC,24hr
100_694,3327,100,Gate,GateP2,ch2,S,SC,24hr
100_695,1506,100,Gate,GateP2,ch2,S,SC,24hr
100_696,1245,100,Gate,GateP2,ch1,S,SC,24hr
100_697,3036,100,Gate,GateP2,ch2,S,SC,24hr
100_698,3279,100,Gate,GateP2,ch1,S,SC,24hr
100_699,1554,100,Gate,GateP2,ch1,S,SC,24hr
100_700,1500,100,Gate,GateP2,ch2,S,SC,24hr
100_701,2893,100,Gate,GateP2,ch2,S,SC,24hr
100_702,3614,100,Gate,GateP2,ch1,S,SC,24hr
100_704,3188,100,Gate,GateP2,ch1,S,SC,24hr
100_705,2820,100,Gate,GateP2,ch2,S,SC,24hr
100_706,3668,100,Gate,GateP2,ch1,S,SC,24hr
100_707,1813,100,Gate,GateP2,ch1,S,SC,24hr
100_708,3449,100,Gate,GateP2,ch2,S,SC,24hr
100_709,2831,100,Gate,GateP2,ch1,S,SC,24hr
100_710,2839,100,Gate,GateP2,ch2,S,SC,24hr
100_711,2104,100,Gate,GateP2,ch1,S,SC,24hr
100_712,1720,100,Gate,GateP2,ch2,S,SC,24hr
100_713,2904,100,Gate,GateP2,ch2,S,SC,24hr
100_714,1687,100,Gate,GateP2,ch1,S,SC,24hr
100_715,2956,100,Gate,GateP2,ch1,S,SC,24hr
100_716,1628,100,Gate,GateP2,ch2,S,SC,24hr
100_717,2877,100,Gate,GateP2,ch1,S,SC,24hr
100_718,2368,100,Gate,GateP2,ch2,S,SC,24hr
100_719,2603,100,Gate,GateP2,ch2,S,SC,24hr
100_720,4220,100,Gate,GateP2,ch1,S,SC,24hr
100_721,3718,100,Gate,GateP2,ch1,S,SC,24hr
100_722,2976,100,Gate,GateP2,ch2,S,SC,24hr
100_723,2613,100,Gate,GateP2,ch2,S,SC,24hr
100_724,1666,100,Gate,GateP2,ch1,S,SC,24hr
100_725,3132,100,Gate,GateP2,ch2,S,SC,24hr
100_726,1847,100,Gate,GateP2,ch1,S,SC,24hr
100_727,3022,100,Gate,GateP2,ch1,S,SC,24hr
100_729,3015,100,Gate,GateP2,ch2,S,SC,24hr
100_730,2157,100,Gate,GateP2,ch1,S,SC,24hr
100_731,2685,100,Gate,GateP2,ch2,S,SC,24hr
100_732,2159,100,Gate,GateP2,ch1,S,SC,24hr
100_733,1456,100,Gate,GateP2,ch1,S,SC,24hr
100_734,3203,100,Gate,GateP2,ch2,S,SC,24hr
100_735,2595,100,Gate,GateP2,ch2,S,SC,24hr
100_736,2311,100,Gate,GateP2,ch1,S,SC,24hr
100_737,2978,100,Gate,GateP2,ch1,S,SC,24hr
100_738,1601,100,Gate,GateP2,ch2,S,SC,24hr
100_740,2717,100,Gate,GateP2,ch2,S,SC,24hr
100_741,2962,100,Gate,GateP2,ch1,S,SC,24hr
100_742,2025,100,Gate,GateP2,ch2,S,SC,24hr
100_743,3454,100,Gate,GateP2,ch2,S,SC,24hr
100_744,3456,100,Gate,GateP2,ch1,S,SC,24hr
100_745,3108,100,Gate,GateP2,ch1,S,SC,24hr
100_746,2604,100,Gate,GateP2,ch2,S,SC,24hr
100_748,1903,100,Gate,GateP2,ch1,S,SC,24hr
100_749,1486,100,Gate,GateP2,ch1,S,SC,24hr
100_750,2308,100,Gate,GateP2,ch2,S,SC,24hr
100_751,1360,100,Gate,GateP2,ch2,S,SC,24hr
100_752,1108,100,Gate,GateP2,ch1,S,SC,24hr
100_753,2785,100,Gate,GateP2,ch2,S,SC,24hr
100_754,3026,100,Gate,GateP2,ch1,S,SC,24hr
100_755,1272,100,Gate,GateP2,ch2,XS,SC,24hr
100_757,3034,100,Gate,GateP2,ch2,XS,SC,24hr
100_758,3197,100,Gate,GateP2,ch1,XS,SC,24hr
100_759,2036,100,Gate,GateP2,ch1,XS,SC,24hr
100_760,1808,100,Gate,GateP2,ch2,XS,SC,24hr
100_761,1831,100,Gate,GateP2,ch2,XS,SC,24hr
100_762,3232,100,Gate,GateP2,ch1,XS,SC,24hr
100_763,2305,100,Gate,GateP2,ch1,XS,SC,24hr
100_764,1720,100,Gate,GateP2,ch2,XS,SC,24hr
100_765,2824,100,Gate,GateP2,ch2,XS,SC,24hr
100_766,3432,100,Gate,GateP2,ch1,XS,SC,24hr
100_767,3085,100,Gate,GateP2,ch2,XS,SC,24hr
100_768,3992,100,Gate,GateP2,ch1,XS,SC,24hr
100_769,1781,100,Gate,GateP2,ch2,XS,SC,24hr
100_770,1492,100,Gate,GateP2,ch1,XS,SC,24hr
100_771,3260,100,Gate,GateP2,ch2,XS,SC,24hr
100_772,3442,100,Gate,GateP2,ch1,XS,SC,24hr
100_773,3070,100,Gate,GateP2,ch1,XS,SC,24hr
100_774,3537,100,Gate,GateP2,ch2,XS,SC,24hr
100_775,3605,100,Gate,GateP2,ch2,XS,SC,24hr
100_776,3093,100,Gate,GateP2,ch1,XS,SC,24hr
100_777,3134,100,Gate,GateP2,ch1,XS,SC,24hr
100_778,3742,100,Gate,GateP2,ch2,XS,SC,24hr
100_779,2729,100,Gate,GateP2,ch2,XS,SC,24hr
100_780,3433,100,Gate,GateP2,ch1,XS,SC,24hr
100_781,2950,100,Gate,GateP2,ch2,XS,SC,24hr
100_782,2121,100,Gate,GateP2,ch1,XS,SC,24hr
100_783,2265,100,Gate,GateP2,ch2,XS,SC,24hr
100_784,3352,100,Gate,GateP2,ch1,XS,SC,24hr
100_785,3742,100,Gate,GateP2,ch2,XS,SC,24hr
100_786,1502,100,Gate,GateP2,ch1,XS,SC,24hr
100_787,3317,100,Gate,GateP2,ch1,XS,SC,24hr
100_788,2040,100,Gate,GateP2,ch2,XS,SC,24hr
100_789,1488,100,Gate,GateP2,ch1,XS,SC,24hr
100_790,1477,100,Gate,GateP2,ch2,XS,SC,24hr
100_791,3272,100,Gate,GateP2,ch2,XS,SC,24hr
100_792,3037,100,Gate,GateP2,ch1,XS,SC,24hr
100_793,3902,100,Gate,GateP2,ch2,XS,SC,24hr
100_794,3720,100,Gate,GateP2,ch1,XS,SC,24hr
100_795,1191,100,Gate,GateP2,ch2,XS,SC,24hr
100_796,3164,100,Gate,GateP2,ch1,XS,SC,24hr
100_797,3189,100,Gate,GateP2,ch1,XS,SC,24hr
100_798,2919,100,Gate,GateP2,ch2,XS,SC,24hr
100_799,3069,100,Gate,GateP2,ch2,XS,SC,24hr
100_800,3108,100,Gate,GateP2,ch1,XS,SC,24hr
100_801,3439,100,Gate,GateP2,ch1,XS,SC,24hr
100_802,2893,100,Gate,GateP2,ch2,XS,SC,24hr
100_803,1622,100,Gate,GateP2,ch2,XS,SC,24hr
100_804,1716,100,Gate,GateP2,ch1,XS,SC,24hr
100_805,2083,100,Gate,GateP2,ch1,XS,SC,24hr
100_806,1546,100,Gate,GateP2,ch2,XS,SC,24hr
100_807,2178,100,Gate,GateP2,ch2,XS,SC,24hr
100_808,3367,100,Gate,GateP2,ch1,XS,SC,24hr
100_809,3308,100,Gate,GateP2,ch2,XS,SC,24hr
100_810,2103,100,Gate,GateP2,ch1,XS,SC,24hr
100_811,2754,100,Gate,GateP2,ch2,XS,SC,24hr
100_812,3272,100,Gate,GateP2,ch1,XS,SC,24hr
100_813,1160,100,Gate,GateP2,ch1,XS,SC,24hr
100_814,3005,100,Gate,GateP2,ch2,XS,SC,24hr
100_815,1903,100,Gate,GateP2,ch1,XS,SC,24hr
100_816,2012,100,Gate,GateP2,ch2,XS,SC,24hr
100_817,1939,100,Gate,GateP2,ch2,XS,SC,24hr
100_818,3362,100,Gate,GateP2,ch1,XS,SC,24hr
100_819,2835,100,Gate,GateP2,ch2,XS,SC,24hr
100_820,3363,100,Gate,GateP2,ch1,XS,SC,24hr
100_821,3214,100,Gate,GateP2,ch1,XS,SC,24hr
100_822,3024,100,Gate,GateP2,ch2,XS,SC,24hr
100_823,3044,100,Gate,GateP2,ch1,XS,SC,24hr
100_824,3063,100,Gate,GateP2,ch2,XS,SC,24hr
100_825,1653,100,Gate,GateP2,ch1,XS,SC,24hr
100_826,2796,100,Gate,GateP2,ch2,XS,SC,24hr
100_827,3539,100,Gate,GateP2,ch1,XS,SC,24hr
100_828,2842,100,Gate,GateP2,ch2,XS,SC,24hr
100_829,1354,100,Gate,GateP2,ch1,XS,SC,24hr
100_831,2589,100,Gate,GateP2,ch2,XS,SC,24hr
100_832,3208,100,Gate,GateP2,ch1,XS,SC,24hr
100_833,2746,100,Gate,GateP2,ch1,XS,SC,24hr
100_835,2018,100,Gate,GateP2,ch1,XS,SC,24hr
100_836,3413,100,Gate,GateP2,ch2,XS,SC,24hr
100_837,3127,100,Gate,GateP2,ch2,XS,SC,24hr
100_838,1593,100,Gate,GateP2,ch1,XS,SC,24hr
100_839,3036,100,Gate,GateP2,ch2,XS,SC,24hr
100_840,3304,100,Gate,GateP2,ch1,XS,SC,24hr
100_841,3283,100,Gate,GateP2,ch2,XS,SC,24hr
100_842,2419,100,Gate,GateP2,ch1,XS,SC,24hr
100_843,3005,100,Gate,GateP2,ch2,XS,SC,24hr
100_844,1869,100,Gate,GateP2,ch1,XS,SC,24hr
100_845,3097,100,Gate,GateP2,ch1,XS,SC,24hr
100_846,2883,100,Gate,GateP2,ch2,XS,SC,24hr
100_847,3213,100,Gate,GateP2,ch1,XS,SC,24hr
100_848,1874,100,Gate,GateP2,ch2,XS,SC,24hr
100_849,3282,100,Gate,GateP2,ch1,XS,SC,24hr
100_850,3332,100,Gate,GateP2,ch2,XS,SC,24hr
100_851,2890,100,Gate,GateP2,ch1,XS,SC,24hr
100_852,3729,100,Gate,GateP2,ch2,XS,SC,24hr
100_853,1313,100,Gate,GateP2,ch2,XS,SC,24hr
100_854,1569,100,Gate,GateP2,ch1,XS,SC,24hr
100_855,3126,100,Gate,GateP2,ch1,XS,SC,24hr
100_856,3224,100,Gate,GateP2,ch2,XS,SC,24hr
100_857,1788,100,Gate,GateP2,ch1,XS,SC,24hr
100_859,1334,100,Gate,GateP2,ch2,XS,SC,24hr
100_860,1547,100,Gate,GateP2,ch1,XS,SC,24hr
100_861,3238,100,Gate,GateP2,ch2,XS,SC,24hr
100_862,2863,100,Gate,GateP2,ch1,XS,SC,24hr
100_863,3957,100,Gate,GateP2,ch2,XS,SC,24hr
100_864,2083,100,Gate,GateP2,ch1,XS,SC,24hr
100_865,3050,100,Gate,GateP2,ch2,XS,SC,24hr
100_866,3258,100,Gate,GateP2,ch1,XS,SC,24hr
100_868,3315,100,Gate,GateP2,ch1,XS,SC,24hr
100_869,3637,100,Gate,GateP2,ch1,XS,SC,24hr
100_870,2953,100,Gate,GateP2,ch2,XS,SC,24hr
100_871,3125,100,Gate,GateP2,ch1,XS,SC,24hr
100_872,3228,100,Gate,GateP2,ch2,XS,SC,24hr
100_873,1929,100,Gate,GateP2,ch2,XS,SC,24hr
100_874,3036,100,Gate,GateP2,ch1,XS,SC,24hr
100_875,1469,100,Gate,GateP2,ch1,XS,SC,24hr
100_876,2704,100,Gate,GateP2,ch2,XS,SC,24hr
100_877,1312,100,Gate,GateP2,ch1,XS,SC,24hr
100_879,3267,100,Gate,GateP2,ch1,XS,SC,24hr
100_880,3064,100,Gate,GateP2,ch2,XS,SC,24hr
100_881,2970,100,Gate,GateP2,ch2,XS,SC,24hr
100_883,2760,100,Gate,GateP2,ch1,XS,SC,24hr
100_884,3232,100,Gate,GateP2,ch2,XS,SC,24hr
100_885,2162,100,Gate,GateP2,ch1,XS,SC,24hr
100_886,3984,100,Gate,GateP2,ch2,XS,SC,24hr
100_887,3749,100,Gate,GateP2,ch1,XS,SC,24hr
100_888,1753,100,Gate,GateP2,ch2,XS,SC,24hr
100_889,3652,100,Gate,GateP2,ch2,XS,SC,24hr
100_892,2670,100,Gate,GateP2,ch1,XS,SC,24hr
100_893,1715,100,Gate,GateP2,ch1,XS,SC,24hr
100_894,2783,100,Gate,GateP2,ch2,XS,SC,24hr
100_895,2687,100,Gate,GateP2,ch2,XS,SC,24hr
100_896,2764,100,Gate,GateP2,ch1,XS,SC,24hr
100_897,2832,100,Gate,GateP2,ch2,XS,SC,24hr
100_899,3124,100,Gate,GateP2,ch1,XS,SC,24hr
100_900,3090,100,Gate,GateP2,ch2,XS,SC,24hr
100_901,1507,100,Gate,GateP2,ch2,XS,SC,24hr
100_902,3131,100,Gate,GateP2,ch1,XS,SC,24hr
100_903,2885,100,Gate,GateP2,ch1,XS,SC,24hr
100_904,3323,100,Gate,GateP2,ch2,XS,SC,24hr
100_905,1977,100,Gate,GateP2,ch2,XS,SC,24hr
100_906,1247,100,Gate,GateP2,ch1,XS,SC,24hr
100_907,3620,100,Gate,GateP2,ch1,XS,SC,24hr
100_908,3172,100,Gate,GateP2,ch2,XS,SC,24hr
100_909,1710,100,Gate,GateP2,ch1,XS,SC,24hr
100_910,1957,100,Gate,GateP2,ch2,XS,SC,24hr
100_911,1453,100,Gate,GateP2,ch2,XS,SC,24hr
100_913,1994,100,Gate,GateP2,ch2,XS,SC,24hr
100_914,3376,100,Gate,GateP2,ch1,XS,SC,24hr
100_915,1936,100,Gate,GateP2,ch2,XS,SC,24hr
100_916,3371,100,Gate,GateP2,ch1,XS,SC,24hr
100_917,2982,100,Gate,GateP2,ch1,XS,SC,24hr
100_918,3179,100,Gate,GateP2,ch2,XS,SC,24hr
100_919,1845,100,Gate,GateP2,ch1,XS,SC,24hr
100_920,3531,100,Gate,GateP2,ch2,XS,SC,24hr
100_921,3520,100,Gate,GateP2,ch1,XS,SC,24hr
100_922,3534,100,Gate,GateP2,ch2,XS,SC,24hr
100_923,3599,100,Gate,GateP2,ch1,XS,SC,24hr
100_924,3223,100,Gate,GateP2,ch2,XS,SC,24hr
100_925,2175,100,Gate,GateP2,ch1,XS,SC,24hr
100_926,2102,100,Gate,GateP2,ch2,XS,SC,24hr
100_927,3528,100,Gate,GateP2,ch1,XS,SC,24hr
100_929,1482,100,Gate,GateP2,ch1,XS,SC,24hr
100_930,3797,100,Gate,GateP2,ch2,XS,SC,24hr
100_931,3444,100,Gate,GateP2,ch1,XS,SC,24hr
100_932,2695,100,Gate,GateP2,ch2,XS,SC,24hr
100_933,1452,100,Gate,GateP2,ch2,XS,SC,24hr
100_935,2361,100,Gate,GateP2,ch2,XS,SC,24hr
100_936,3120,100,Gate,GateP2,ch1,XS,SC,24hr
100_937,1685,100,Gate,GateP2,ch2,XS,SC,24hr
100_938,3182,100,Gate,GateP2,ch1,XS,SC,24hr
100_939,3190,100,Gate,GateP2,ch2,XS,SC,24hr
100_940,2787,100,Gate,GateP2,ch1,XS,SC,24hr
100_941,1873,100,Gate,GateP2,ch2,XS,SC,24hr
100_942,3514,100,Gate,GateP2,ch1,XS,SC,24hr
100_943,3937,100,Gate,GateP2,ch1,XS,SC,24hr
100_944,2900,100,Gate,GateP2,ch2,XS,SC,24hr
100_945,2985,100,Gate,GateP2,ch2,XS,SC,24hr
100_946,3563,100,Gate,GateP2,ch1,XS,SC,24hr
100_947,2532,100,Gate,GateP2,ch1,XS,SC,24hr
100_949,3099,100,Gate,GateP2,ch1,XS,SC,24hr
100_951,2939,100,Gate,GateP2,ch2,XS,SC,24hr
100_952,3393,100,Gate,GateP2,ch1,XS,SC,24hr
100_953,3146,100,Gate,GateP2,ch1,XS,SC,24hr
100_954,3025,100,Gate,GateP2,ch2,XS,SC,24hr
100_955,3027,100,Gate,GateP2,ch1,XS,SC,24hr
100_956,2786,100,Gate,GateP2,ch2,XS,SC,24hr
100_957,1905,100,Gate,GateP2,ch2,XS,SC,24hr
100_958,3175,100,Gate,GateP2,ch1,XS,SC,24hr
100_959,2022,100,Gate,GateP2,ch2,XS,SC,24hr
100_960,1779,100,Gate,GateP2,ch1,XS,SC,24hr
100_961,4007,100,Gate,GateP2,ch2,XS,SC,24hr
100_962,2840,100,Gate,GateP2,ch1,XS,SC,24hr
100_963,2926,100,Gate,GateP2,ch1,XS,SC,24hr
100_964,1912,100,Gate,GateP2,ch2,XS,SC,24hr
100_965,3787,100,Gate,GateP2,ch1,XS,SC,24hr
100_966,3198,100,Gate,GateP2,ch2,XS,SC,24hr
100_967,3252,100,Gate,GateP2,ch1,XS,SC,24hr
100_968,2074,100,Gate,GateP2,ch2,XS,SC,24hr
100_969,3301,100,Gate,GateP2,ch2,XS,SC,24hr
100_970,3605,100,Gate,GateP2,ch1,XS,SC,24hr
100_971,3289,100,Gate,GateP2,ch1,XS,SC,24hr
100_972,3571,100,Gate,GateP2,ch2,XS,SC,24hr
100_973,2060,100,Gate,GateP2,ch2,XS,SC,24hr
100_974,1786,100,Gate,GateP2,ch1,XS,SC,24hr
100_975,3420,100,Gate,GateP2,ch1,XS,SC,24hr
100_976,1804,100,Gate,GateP2,ch2,XS,SC,24hr
100_977,3659,100,Gate,GateP2,ch1,XS,SC,24hr
100_978,3112,100,Gate,GateP2,ch2,XS,SC,24hr
100_979,3579,100,Gate,GateP2,ch1,XS,SC,24hr
100_980,3274,100,Gate,GateP2,ch2,XS,SC,24hr
100_981,3016,100,Gate,GateP2,ch2,XS,SC,24hr
100_982,2554,100,Gate,GateP2,ch1,XS,SC,24hr
100_983,2005,100,Gate,GateP2,ch1,XS,SC,24hr
100_984,1567,100,Gate,GateP2,ch2,XS,SC,24hr
100_985,3190,100,Gate,GateP2,ch1,XS,SC,24hr
100_986,2976,100,Gate,GateP2,ch2,XS,SC,24hr
100_987,1653,100,Gate,GateP2,ch1,XS,SC,24hr
100_988,4176,100,Gate,GateP2,ch2,XS,SC,24hr
100_990,1697,100,Gate,GateP2,ch2,XS,SC,24hr
100_991,1541,100,Gate,GateP2,ch1,XS,SC,24hr
100_992,1279,100,Gate,GateP2,ch2,XS,SC,24hr
100_993,2136,100,Gate,GateP2,ch1,XS,SC,24hr
100_994,3038,100,Gate,GateP2,ch2,XS,SC,24hr
100_995,3290,100,Gate,GateP2,ch2,XS,SC,24hr
100_996,2816,100,Gate,GateP2,ch1,XS,SC,24hr
100_997,3309,100,Gate,GateP2,ch1,XS,SC,24hr
100_998,2935,100,Gate,GateP2,ch2,XS,SC,24hr
100_999,1661,100,Gate,GateP2,ch1,XS,SC,24hr
100_1000,2947,100,Gate,GateP2,ch2,XS,SC,24hr
100_1001,3321,100,Gate,GateP2,ch1,XS,SC,24hr
100_1002,3147,100,Gate,GateP2,ch2,XS,SC,24hr
100_1003,1896,100,Gate,GateP2,ch2,XS,SC,24hr
100_1004,1754,100,Gate,GateP2,ch1,XS,SC,24hr
100_1005,1975,100,Gate,GateP2,ch1,XS,SC,24hr
100_1006,2793,100,Gate,GateP2,ch2,XS,SC,24hr
100_1007,2929,100,Gate,GateP2,ch2,XS,SC,24hr
100_1009,2524,100,Gate,GateP2,ch2,XS,SC,24hr
100_1010,3560,100,Gate,GateP2,ch1,XS,SC,24hr
100_1011,3341,100,Gate,GateP2,ch1,XS,SC,24hr
100_1012,2744,100,Gate,GateP2,ch2,XS,SC,24hr
100_1013,3313,100,Gate,GateP2,ch1,XS,SC,24hr
100_1014,1396,100,Gate,GateP2,ch2,XS,SC,24hr
100_1015,3493,100,Gate,GateP2,ch1,XS,SC,24hr
100_1016,2829,100,Gate,GateP2,ch2,XS,SC,24hr
100_1017,3067,100,Gate,GateP2,ch1,XS,SC,24hr
100_1018,2866,100,Gate,GateP2,ch2,XS,SC,24hr
100_1019,1457,100,Gate,GateP2,ch2,XS,SC,24hr
100_1020,3632,100,Gate,GateP2,ch1,XS,SC,24hr
100_1021,3222,100,Gate,GateP2,ch2,XS,SC,24hr
100_1022,2045,100,Gate,GateP2,ch1,XS,SC,24hr
100_1024,3333,100,Gate,GateP2,ch1,XS,SC,24hr
100_1025,3530,100,Gate,GateP2,ch2,XS,SC,24hr
100_1026,2022,100,Gate,GateP2,ch1,XS,SC,24hr
100_1027,2842,100,Gate,GateP2,ch2,XS,SC,24hr
100_1028,3446,100,Gate,GateP2,ch1,XS,SC,24hr
100_1029,1837,100,Gate,GateP2,ch2,XS,SC,24hr
100_1030,3034,100,Gate,GateP2,ch1,XS,SC,24hr
100_1031,2963,100,Gate,GateP2,ch2,XS,SC,24hr
100_1032,1810,100,Gate,GateP2,ch1,XS,SC,24hr
100_1033,3021,100,Gate,GateP2,ch2,XS,SC,24hr
100_1034,1209,100,Gate,GateP2,ch1,XS,SC,24hr
100_1035,1302,100,Gate,GateP2,ch2,XS,SC,24hr
100_1036,1406,100,Gate,GateP2,ch1,XS,SC,24hr
100_1037,2066,100,Gate,GateP2,ch1,XS,SC,24hr
100_1038,2493,100,Gate,GateP2,ch2,XS,SC,24hr
100_1039,3655,100,Gate,GateP2,ch2,XS,SC,24hr
100_1040,2969,100,Gate,GateP2,ch1,XS,SC,24hr
100_1041,1665,100,Gate,GateP2,ch2,XS,SC,24hr
100_1042,3458,100,Gate,GateP2,ch1,XS,SC,24hr
100_1043,2572,100,Gate,GateP2,ch2,XS,SC,24hr
100_1044,3277,100,Gate,GateP2,ch1,XS,SC,24hr
100_1045,2627,100,Gate,GateP2,ch2,XS,SC,24hr
100_1046,3129,100,Gate,GateP2,ch1,XS,SC,24hr
100_1047,1700,100,Gate,GateP2,ch1,XS,SC,24hr
100_1048,2987,100,Gate,GateP2,ch2,XS,SC,24hr
100_1049,2042,100,Gate,GateP2,ch1,XS,SC,24hr
100_1050,1262,100,Gate,GateP2,ch2,XS,SC,24hr
100_1051,3726,100,Gate,GateP2,ch1,XS,SC,24hr
100_1052,2593,100,Gate,GateP2,ch2,XS,SC,24hr
100_1053,2614,100,Gate,GateP2,ch1,XS,SC,24hr
100_1054,3411,100,Gate,GateP2,ch2,XS,SC,24hr
100_1055,2547,100,Gate,GateP2,ch1,XS,SC,24hr
100_1056,1536,100,Gate,GateP2,ch2,XS,SC,24hr
100_1057,3659,100,Gate,GateP2,ch1,XS,SC,24hr
100_1058,2749,100,Gate,GateP2,ch2,XS,SC,24hr
100_1059,4270,100,Gate,GateP2,ch1,XS,SC,24hr
100_1060,2738,100,Gate,GateP2,ch2,XS,SC,24hr
100_1061,1538,100,Gate,GateP2,ch1,XS,SC,24hr
100_1062,1963,100,Gate,GateP2,ch2,XS,SC,24hr
100_1063,3707,100,Gate,GateP2,ch1,XS,SC,24hr
100_1064,3026,100,Gate,GateP2,ch2,XS,SC,24hr
100_1065,1399,100,Gate,GateP2,ch2,XS,SC,24hr
100_1066,3258,100,Gate,GateP2,ch1,XS,SC,24hr
