sample,series,condition,file,protein_set,UMAP1,UMAP2
100_1,conc,100,LL2112_NC_conc.csv,post_iqr,10.225801,4.3572164
100_2,conc,100,LL2112_NC_conc.csv,post_iqr,2.9099038,0.69380003
100_3,conc,100,LL2112_NC_conc.csv,post_iqr,10.926737,5.468001
100_4,conc,100,LL2112_NC_conc.csv,post_iqr,2.8248143,-1.3430295
100_5,conc,100,LL2112_NC_conc.csv,post_iqr,3.4566674,-0.49826682
100_6,conc,100,LL2112_NC_conc.csv,post_iqr,2.9207716,-1.4723234
100_7,conc,100,LL2112_NC_conc.csv,post_iqr,2.9571893,0.56219894
100_8,conc,100,LL2112_NC_conc.csv,post_iqr,3.4188492,-1.0710956
100_9,conc,100,LL2112_NC_conc.csv,post_iqr,2.5198865,-2.010294
100_10,conc,100,LL2112_NC_conc.csv,post_iqr,2.8239443,0.44417873
100_11,conc,100,LL2112_NC_conc.csv,post_iqr,3.0218923,0.19369979
100_12,conc,100,LL2112_NC_conc.csv,post_iqr,11.515528,5.786204
100_13,conc,100,LL2112_NC_conc.csv,post_iqr,3.1547604,0.082863115
100_14,conc,100,LL2112_NC_conc.csv,post_iqr,2.9975553,1.0116416
100_15,conc,100,LL2112_NC_conc.csv,post_iqr,3.3846178,-0.16795054
100_16,conc,100,LL2112_NC_conc.csv,post_iqr,2.986765,-1.4681396
100_17,conc,100,LL2112_NC_conc.csv,post_iqr,3.0540576,0.057892576
100_18,conc,100,LL2112_NC_conc.csv,post_iqr,4.035045,0.1948914
100_19,conc,100,LL2112_NC_conc.csv,post_iqr,3.3665009,-0.7906007
100_20,conc,100,LL2112_NC_conc.csv,post_iqr,11.020808,5.2008023
100_21,conc,100,LL2112_NC_conc.csv,post_iqr,2.9959483,-1.4410648
100_22,conc,100,LL2112_NC_conc.csv,post_iqr,3.231749,0.5246081
100_23,conc,100,LL2112_NC_conc.csv,post_iqr,10.967713,4.7465916
100_24,conc,100,LL2112_NC_conc.csv,post_iqr,3.6170418,-0.50514615
100_25,conc,100,LL2112_NC_conc.csv,post_iqr,11.141859,5.9719443
100_26,conc,100,LL2112_NC_conc.csv,post_iqr,3.5849614,-0.658316
100_27,conc,100,LL2112_NC_conc.csv,post_iqr,3.2590258,0.38767338
100_28,conc,100,LL2112_NC_conc.csv,post_iqr,3.5530922,-0.6295648
100_29,conc,100,LL2112_NC_conc.csv,post_iqr,3.0899754,-1.4147564
100_30,conc,100,LL2112_NC_conc.csv,post_iqr,10.66825,4.6552577
100_31,conc,100,LL2112_NC_conc.csv,post_iqr,11.610234,5.74375
100_32,conc,100,LL2112_NC_conc.csv,post_iqr,3.4553509,0.0782313
100_33,conc,100,LL2112_NC_conc.csv,post_iqr,2.2026439,-1.7941139
100_34,conc,100,LL2112_NC_conc.csv,post_iqr,4.842976,15.214615
100_35,conc,100,LL2112_NC_conc.csv,post_iqr,2.9899383,0.47042218
100_36,conc,100,LL2112_NC_conc.csv,post_iqr,9.880659,3.7859702
100_37,conc,100,LL2112_NC_conc.csv,post_iqr,3.4318469,0.54839236
100_38,conc,100,LL2112_NC_conc.csv,post_iqr,3.3011308,1.1754613
100_39,conc,100,LL2112_NC_conc.csv,post_iqr,3.2550724,0.7146339
100_40,conc,100,LL2112_NC_conc.csv,post_iqr,2.1859162,-2.1917927
100_41,conc,100,LL2112_NC_conc.csv,post_iqr,3.8498673,-0.6201174
100_42,conc,100,LL2112_NC_conc.csv,post_iqr,3.2776856,0.052880522
100_43,conc,100,LL2112_NC_conc.csv,post_iqr,3.6773608,-0.8699352
100_44,conc,100,LL2112_NC_conc.csv,post_iqr,1.855261,-2.1634748
100_45,conc,100,LL2112_NC_conc.csv,post_iqr,3.3502028,0.70406926
100_46,conc,100,LL2112_NC_conc.csv,post_iqr,2.9282658,-1.7764561
100_47,conc,100,LL2112_NC_conc.csv,post_iqr,3.609454,-0.6741221
100_48,conc,100,LL2112_NC_conc.csv,post_iqr,2.48566,-1.933399
100_49,conc,100,LL2112_NC_conc.csv,post_iqr,2.2171533,-1.5816472
100_50,conc,100,LL2112_NC_conc.csv,post_iqr,3.468239,0.51467043
100_51,conc,100,LL2112_NC_conc.csv,post_iqr,11.755411,4.561801
100_52,conc,100,LL2112_NC_conc.csv,post_iqr,11.446108,4.6499243
100_53,conc,100,LL2112_NC_conc.csv,post_iqr,3.0761874,-0.8134587
100_54,conc,100,LL2112_NC_conc.csv,post_iqr,10.053004,4.3140206
100_55,conc,100,LL2112_NC_conc.csv,post_iqr,3.7124321,-0.8270244
100_56,conc,100,LL2112_NC_conc.csv,post_iqr,12.01523,5.811235
100_57,conc,100,LL2112_NC_conc.csv,post_iqr,11.183914,4.411378
100_58,conc,100,LL2112_NC_conc.csv,post_iqr,3.3875093,1.0952578
100_59,conc,100,LL2112_NC_conc.csv,post_iqr,3.3391566,0.56257105
100_61,conc,100,LL2112_NC_conc.csv,post_iqr,11.62426,4.5461445
100_62,conc,100,LL2112_NC_conc.csv,post_iqr,3.5918267,-0.336731
100_63,conc,100,LL2112_NC_conc.csv,post_iqr,2.5387597,-1.6611432
100_64,conc,100,LL2112_NC_conc.csv,post_iqr,3.5975885,-0.39972776
100_65,conc,100,LL2112_NC_conc.csv,post_iqr,2.1749046,-2.0263357
100_66,conc,100,LL2112_NC_conc.csv,post_iqr,3.6503236,0.5798206
100_67,conc,100,LL2112_NC_conc.csv,post_iqr,3.3100786,1.125048
100_68,conc,100,LL2112_NC_conc.csv,post_iqr,3.152612,0.51342815
100_139,conc,100,LL2112_NC_conc.csv,post_iqr,3.0596094,-1.0077136
100_140,conc,100,LL2112_NC_conc.csv,post_iqr,10.558337,4.5033393
100_141,conc,100,LL2112_NC_conc.csv,post_iqr,11.831416,5.774827
100_142,conc,100,LL2112_NC_conc.csv,post_iqr,2.3078468,-0.9094485
100_143,conc,100,LL2112_NC_conc.csv,post_iqr,10.454258,4.730537
100_144,conc,100,LL2112_NC_conc.csv,post_iqr,11.308146,6.1994147
100_145,conc,100,LL2112_NC_conc.csv,post_iqr,3.3119316,-0.782109
100_146,conc,100,LL2112_NC_conc.csv,post_iqr,2.0091867,-1.375261
100_147,conc,100,LL2112_NC_conc.csv,post_iqr,3.1865966,-0.46768367
100_148,conc,100,LL2112_NC_conc.csv,post_iqr,2.2395742,-0.55143386
100_149,conc,100,LL2112_NC_conc.csv,post_iqr,2.543023,-2.0583117
100_150,conc,100,LL2112_NC_conc.csv,post_iqr,2.9455216,0.66911685
100_151,conc,100,LL2112_NC_conc.csv,post_iqr,10.426548,5.245545
100_152,conc,100,LL2112_NC_conc.csv,post_iqr,2.515636,-1.3517507
100_153,conc,100,LL2112_NC_conc.csv,post_iqr,2.303061,-1.8737133
100_154,conc,100,LL2112_NC_conc.csv,post_iqr,3.1492608,0.33989885
100_155,conc,100,LL2112_NC_conc.csv,post_iqr,3.2069125,1.1602138
100_157,conc,100,LL2112_NC_conc.csv,post_iqr,1.985399,0.008575738
100_158,conc,100,LL2112_NC_conc.csv,post_iqr,2.7072964,-1.7150835
100_159,conc,100,LL2112_NC_conc.csv,post_iqr,2.5198312,-1.6490698
100_160,conc,100,LL2112_NC_conc.csv,post_iqr,2.1952157,-1.6147667
100_161,conc,100,LL2112_NC_conc.csv,post_iqr,2.7152395,-0.92895496
100_162,conc,100,LL2112_NC_conc.csv,post_iqr,2.8700275,-1.769782
100_163,conc,100,LL2112_NC_conc.csv,post_iqr,1.8823953,-1.4509704
100_164,conc,100,LL2112_NC_conc.csv,post_iqr,3.505963,0.82319653
100_165,conc,100,LL2112_NC_conc.csv,post_iqr,2.8612285,0.9383724
100_166,conc,100,LL2112_NC_conc.csv,post_iqr,3.1817212,-0.5386385
100_167,conc,100,LL2112_NC_conc.csv,post_iqr,3.3342538,0.48565215
100_168,conc,100,LL2112_NC_conc.csv,post_iqr,3.3854597,-1.4747858
100_169,conc,100,LL2112_NC_conc.csv,post_iqr,11.351123,4.6108646
100_170,conc,100,LL2112_NC_conc.csv,post_iqr,3.0831444,-1.3891779
100_171,conc,100,LL2112_NC_conc.csv,post_iqr,3.2081535,-1.3560188
100_172,conc,100,LL2112_NC_conc.csv,post_iqr,11.724621,4.9599442
100_173,conc,100,LL2112_NC_conc.csv,post_iqr,11.360515,5.7766514
100_174,conc,100,LL2112_NC_conc.csv,post_iqr,2.233739,-1.5485926
100_175,conc,100,LL2112_NC_conc.csv,post_iqr,11.898995,4.809104
100_176,conc,100,LL2112_NC_conc.csv,post_iqr,2.8395371,-1.8739386
100_177,conc,100,LL2112_NC_conc.csv,post_iqr,10.787069,4.562887
100_178,conc,100,LL2112_NC_conc.csv,post_iqr,11.435831,5.763149
100_179,conc,100,LL2112_NC_conc.csv,post_iqr,2.8947299,-1.4479822
100_180,conc,100,LL2112_NC_conc.csv,post_iqr,3.587141,0.26145288
100_181,conc,100,LL2112_NC_conc.csv,post_iqr,2.1657052,-1.3615493
100_183,conc,100,LL2112_NC_conc.csv,post_iqr,2.3577158,-1.6358768
100_184,conc,100,LL2112_NC_conc.csv,post_iqr,3.3081682,-1.4543751
100_185,conc,100,LL2112_NC_conc.csv,post_iqr,2.307736,-2.0601358
100_186,conc,100,LL2112_NC_conc.csv,post_iqr,4.3225017,14.243963
100_187,conc,100,LL2112_NC_conc.csv,post_iqr,9.611845,3.8716965
100_188,conc,100,LL2112_NC_conc.csv,post_iqr,2.6244383,-1.889371
100_189,conc,100,LL2112_NC_conc.csv,post_iqr,3.3418825,-0.063871905
100_190,conc,100,LL2112_NC_conc.csv,post_iqr,10.981122,4.5228963
100_191,conc,100,LL2112_NC_conc.csv,post_iqr,3.6967146,-0.06652305
100_192,conc,100,LL2112_NC_conc.csv,post_iqr,3.406598,0.57307273
100_193,conc,100,LL2112_NC_conc.csv,post_iqr,3.5159261,0.9592486
100_194,conc,100,LL2112_NC_conc.csv,post_iqr,3.66583,0.93651587
100_195,conc,100,LL2112_NC_conc.csv,post_iqr,3.5643506,-1.1246997
100_196,conc,100,LL2112_NC_conc.csv,post_iqr,3.6408582,-0.6913816
100_197,conc,100,LL2112_NC_conc.csv,post_iqr,3.2979493,1.2104127
100_198,conc,100,LL2112_NC_conc.csv,post_iqr,11.856043,6.029673
100_199,conc,100,LL2112_NC_conc.csv,post_iqr,1.7533339,-1.9493632
100_200,conc,100,LL2112_NC_conc.csv,post_iqr,2.1644971,-0.0675365
100_201,conc,100,LL2112_NC_conc.csv,post_iqr,12.091934,5.7079387
100_202,conc,100,LL2112_NC_conc.csv,post_iqr,2.469088,-1.4203635
100_204,conc,100,LL2112_NC_conc.csv,post_iqr,3.5663261,0.3707796
100_205,conc,100,LL2112_NC_conc.csv,post_iqr,3.1183078,0.8525124
100_206,conc,100,LL2112_NC_conc.csv,post_iqr,2.0231037,-1.1358113
100_207,conc,100,LL2112_NC_conc.csv,post_iqr,3.4693878,-0.81071365
100_208,conc,100,LL2112_NC_conc.csv,post_iqr,2.2810707,-2.0136516
100_209,conc,100,LL2112_NC_conc.csv,post_iqr,3.5056536,0.31756425
100_211,conc,100,LL2112_NC_conc.csv,post_iqr,3.561438,-0.021547625
100_212,conc,100,LL2112_NC_conc.csv,post_iqr,1.9632499,-2.3154707
100_213,conc,100,LL2112_NC_conc.csv,post_iqr,3.558802,0.04370743
100_214,conc,100,LL2112_NC_conc.csv,post_iqr,3.721849,0.76149887
100_294,conc,100,LL2112_NC_conc.csv,post_iqr,2.4414055,-0.69772226
100_295,conc,100,LL2112_NC_conc.csv,post_iqr,2.9311025,-0.46312815
100_296,conc,100,LL2112_NC_conc.csv,post_iqr,1.9118452,-0.70029527
100_297,conc,100,LL2112_NC_conc.csv,post_iqr,2.6394103,-1.3242373
100_298,conc,100,LL2112_NC_conc.csv,post_iqr,3.1618142,1.2024518
100_300,conc,100,LL2112_NC_conc.csv,post_iqr,9.533961,3.8283544
100_301,conc,100,LL2112_NC_conc.csv,post_iqr,2.273436,-0.8131359
100_302,conc,100,LL2112_NC_conc.csv,post_iqr,3.2305121,-0.9695644
100_303,conc,100,LL2112_NC_conc.csv,post_iqr,2.1414313,-1.4206002
100_304,conc,100,LL2112_NC_conc.csv,post_iqr,1.9217677,0.07147681
100_305,conc,100,LL2112_NC_conc.csv,post_iqr,1.8710698,-1.2034756
100_306,conc,100,LL2112_NC_conc.csv,post_iqr,10.793945,4.268678
100_307,conc,100,LL2112_NC_conc.csv,post_iqr,11.922667,4.5503473
100_308,conc,100,LL2112_NC_conc.csv,post_iqr,2.4692116,-1.4643086
100_309,conc,100,LL2112_NC_conc.csv,post_iqr,1.8744785,0.04030176
100_310,conc,100,LL2112_NC_conc.csv,post_iqr,11.696946,5.059167
100_312,conc,100,LL2112_NC_conc.csv,post_iqr,2.2734375,-1.4101604
100_313,conc,100,LL2112_NC_conc.csv,post_iqr,3.0722141,-1.1433396
100_314,conc,100,LL2112_NC_conc.csv,post_iqr,2.2997613,-1.4677081
100_315,conc,100,LL2112_NC_conc.csv,post_iqr,2.772435,0.6378956
100_316,conc,100,LL2112_NC_conc.csv,post_iqr,2.4613008,-0.21216123
100_317,conc,100,LL2112_NC_conc.csv,post_iqr,1.8496963,-1.3426898
100_318,conc,100,LL2112_NC_conc.csv,post_iqr,2.8945763,-1.0095556
100_319,conc,100,LL2112_NC_conc.csv,post_iqr,1.9126009,-0.07287916
100_320,conc,100,LL2112_NC_conc.csv,post_iqr,11.086572,4.4947762
100_321,conc,100,LL2112_NC_conc.csv,post_iqr,2.7081342,0.8373983
100_322,conc,100,LL2112_NC_conc.csv,post_iqr,2.1202807,0.3116438
100_323,conc,100,LL2112_NC_conc.csv,post_iqr,11.644551,5.9299827
100_324,conc,100,LL2112_NC_conc.csv,post_iqr,2.0362475,-1.6480309
100_325,conc,100,LL2112_NC_conc.csv,post_iqr,11.979024,5.8716793
100_326,conc,100,LL2112_NC_conc.csv,post_iqr,10.238605,4.498505
100_327,conc,100,LL2112_NC_conc.csv,post_iqr,1.8526083,-1.6460427
100_328,conc,100,LL2112_NC_conc.csv,post_iqr,2.1978447,0.17616875
100_329,conc,100,LL2112_NC_conc.csv,post_iqr,2.9169066,-0.03768056
100_330,conc,100,LL2112_NC_conc.csv,post_iqr,1.9531777,-1.024073
100_331,conc,100,LL2112_NC_conc.csv,post_iqr,3.523306,-0.65807384
100_332,conc,100,LL2112_NC_conc.csv,post_iqr,2.4412274,-0.6095061
100_333,conc,100,LL2112_NC_conc.csv,post_iqr,10.685772,4.5761647
100_334,conc,100,LL2112_NC_conc.csv,post_iqr,2.4746265,-1.6539962
100_335,conc,100,LL2112_NC_conc.csv,post_iqr,1.7423971,-0.010031786
100_336,conc,100,LL2112_NC_conc.csv,post_iqr,2.1230373,-1.6389974
100_337,conc,100,LL2112_NC_conc.csv,post_iqr,1.7295153,-0.17624971
100_338,conc,100,LL2112_NC_conc.csv,post_iqr,2.0118601,-1.9329948
100_339,conc,100,LL2112_NC_conc.csv,post_iqr,2.5401967,-1.6656578
100_340,conc,100,LL2112_NC_conc.csv,post_iqr,9.59373,3.8691456
100_342,conc,100,LL2112_NC_conc.csv,post_iqr,1.7663506,-0.24471602
100_344,conc,100,LL2112_NC_conc.csv,post_iqr,2.3066864,-1.7040309
100_345,conc,100,LL2112_NC_conc.csv,post_iqr,2.9362104,-1.1713669
100_346,conc,100,LL2112_NC_conc.csv,post_iqr,1.7032126,-0.25982693
100_347,conc,100,LL2112_NC_conc.csv,post_iqr,2.1980035,-1.2449522
100_348,conc,100,LL2112_NC_conc.csv,post_iqr,2.249093,-0.9851371
100_350,conc,100,LL2112_NC_conc.csv,post_iqr,1.6655902,-0.77454734
100_351,conc,100,LL2112_NC_conc.csv,post_iqr,1.811431,-0.55390716
100_352,conc,100,LL2112_NC_conc.csv,post_iqr,11.187727,4.788409
100_353,conc,100,LL2112_NC_conc.csv,post_iqr,3.8130774,-0.27100852
100_355,conc,100,LL2112_NC_conc.csv,post_iqr,2.5126157,0.27910045
100_356,conc,100,LL2112_NC_conc.csv,post_iqr,12.331867,5.833445
100_357,conc,100,LL2112_NC_conc.csv,post_iqr,2.589667,-0.85228413
100_358,conc,100,LL2112_NC_conc.csv,post_iqr,3.4401727,-2.1377466
100_359,conc,100,LL2112_NC_conc.csv,post_iqr,2.146407,-0.7465649
100_360,conc,100,LL2112_NC_conc.csv,post_iqr,2.3740833,-1.6779742
100_361,conc,100,LL2112_NC_conc.csv,post_iqr,2.472201,0.8444949
100_362,conc,100,LL2112_NC_conc.csv,post_iqr,3.3181305,-0.38013226
100_443,conc,100,LL2112_NC_conc.csv,post_iqr,2.29589,0.015505819
100_444,conc,100,LL2112_NC_conc.csv,post_iqr,11.705672,4.3670015
100_445,conc,100,LL2112_NC_conc.csv,post_iqr,11.454765,4.393216
100_446,conc,100,LL2112_NC_conc.csv,post_iqr,11.319799,4.502
100_447,conc,100,LL2112_NC_conc.csv,post_iqr,2.1994047,-0.9945308
100_449,conc,100,LL2112_NC_conc.csv,post_iqr,12.298272,5.3817677
100_450,conc,100,LL2112_NC_conc.csv,post_iqr,2.3197381,-0.9353446
100_451,conc,100,LL2112_NC_conc.csv,post_iqr,3.2331564,0.2991065
100_452,conc,100,LL2112_NC_conc.csv,post_iqr,9.945631,4.684068
100_453,conc,100,LL2112_NC_conc.csv,post_iqr,2.4330995,0.23532015
100_454,conc,100,LL2112_NC_conc.csv,post_iqr,11.970284,6.052384
100_455,conc,100,LL2112_NC_conc.csv,post_iqr,12.276843,5.4069314
100_456,conc,100,LL2112_NC_conc.csv,post_iqr,2.5571566,-1.9951717
100_457,conc,100,LL2112_NC_conc.csv,post_iqr,11.314758,5.611037
100_458,conc,100,LL2112_NC_conc.csv,post_iqr,2.2825425,-0.074734084
100_459,conc,100,LL2112_NC_conc.csv,post_iqr,11.550989,5.164233
100_460,conc,100,LL2112_NC_conc.csv,post_iqr,9.877378,4.6150975
100_461,conc,100,LL2112_NC_conc.csv,post_iqr,2.2442987,-1.3629432
100_462,conc,100,LL2112_NC_conc.csv,post_iqr,2.620294,-1.9621447
100_464,conc,100,LL2112_NC_conc.csv,post_iqr,3.0885484,1.0161748
100_465,conc,100,LL2112_NC_conc.csv,post_iqr,11.60291,4.6722465
100_466,conc,100,LL2112_NC_conc.csv,post_iqr,12.21768,4.557614
100_467,conc,100,LL2112_NC_conc.csv,post_iqr,1.9003415,-0.36618847
100_468,conc,100,LL2112_NC_conc.csv,post_iqr,3.4970872,-0.6744076
100_469,conc,100,LL2112_NC_conc.csv,post_iqr,2.1998537,-1.1447914
100_471,conc,100,LL2112_NC_conc.csv,post_iqr,9.557509,3.9572062
100_472,conc,100,LL2112_NC_conc.csv,post_iqr,10.779245,4.446003
100_473,conc,100,LL2112_NC_conc.csv,post_iqr,2.4558642,0.56826496
100_474,conc,100,LL2112_NC_conc.csv,post_iqr,11.871141,5.0850153
100_475,conc,100,LL2112_NC_conc.csv,post_iqr,1.83157,-0.56872535
100_476,conc,100,LL2112_NC_conc.csv,post_iqr,11.951232,4.8708043
100_477,conc,100,LL2112_NC_conc.csv,post_iqr,1.7441645,-1.6475066
100_478,conc,100,LL2112_NC_conc.csv,post_iqr,3.4564128,0.13531353
100_479,conc,100,LL2112_NC_conc.csv,post_iqr,2.6460907,0.117997766
100_480,conc,100,LL2112_NC_conc.csv,post_iqr,2.797667,-0.71607125
100_481,conc,100,LL2112_NC_conc.csv,post_iqr,3.5543675,-0.2664744
100_482,conc,100,LL2112_NC_conc.csv,post_iqr,3.3759685,0.4494124
100_483,conc,100,LL2112_NC_conc.csv,post_iqr,11.987579,5.889796
100_484,conc,100,LL2112_NC_conc.csv,post_iqr,3.2576141,1.096542
100_485,conc,100,LL2112_NC_conc.csv,post_iqr,2.3966644,0.6762089
100_486,conc,100,LL2112_NC_conc.csv,post_iqr,3.0512865,-0.11422459
100_487,conc,100,LL2112_NC_conc.csv,post_iqr,3.7643762,-0.10386954
100_488,conc,100,LL2112_NC_conc.csv,post_iqr,3.36628,-0.27140507
100_489,conc,100,LL2112_NC_conc.csv,post_iqr,9.451776,3.7312336
100_490,conc,100,LL2112_NC_conc.csv,post_iqr,11.653419,5.201731
100_492,conc,100,LL2112_NC_conc.csv,post_iqr,12.03235,4.6217937
100_493,conc,100,LL2112_NC_conc.csv,post_iqr,2.3536575,-0.33739743
100_494,conc,100,LL2112_NC_conc.csv,post_iqr,11.457793,4.4109898
100_495,conc,100,LL2112_NC_conc.csv,post_iqr,3.6831727,-0.30598894
100_496,conc,100,LL2112_NC_conc.csv,post_iqr,11.948544,5.933095
100_497,conc,100,LL2112_NC_conc.csv,post_iqr,3.365769,-0.22253808
100_498,conc,100,LL2112_NC_conc.csv,post_iqr,1.8336729,-0.51609236
100_499,conc,100,LL2112_NC_conc.csv,post_iqr,2.5024803,-1.3351083
100_500,conc,100,LL2112_NC_conc.csv,post_iqr,2.6507952,-0.39937288
100_501,conc,100,LL2112_NC_conc.csv,post_iqr,2.1697884,0.39810076
100_502,conc,100,LL2112_NC_conc.csv,post_iqr,2.3199234,-0.5028843
100_504,conc,100,LL2112_NC_conc.csv,post_iqr,3.9833722,-0.2371839
100_505,conc,100,LL2112_NC_conc.csv,post_iqr,10.948068,4.676187
100_506,conc,100,LL2112_NC_conc.csv,post_iqr,11.328555,5.571752
100_507,conc,100,LL2112_NC_conc.csv,post_iqr,2.063708,-0.88071156
100_508,conc,100,LL2112_NC_conc.csv,post_iqr,11.226315,5.3368
100_509,conc,100,LL2112_NC_conc.csv,post_iqr,2.0424614,-0.44125018
100_510,conc,100,LL2112_NC_conc.csv,post_iqr,3.1582713,-0.65742534
100_511,conc,100,LL2112_NC_conc.csv,post_iqr,1.9527591,-0.12475722
100_512,conc,100,LL2112_NC_conc.csv,post_iqr,11.616026,4.400564
100_513,conc,100,LL2112_NC_conc.csv,post_iqr,11.108632,5.160117
100_515,conc,100,LL2112_NC_conc.csv,post_iqr,9.856539,3.7707677
100_516,conc,100,LL2112_NC_conc.csv,post_iqr,2.6674848,-1.0724196
100_518,conc,100,LL2112_NC_conc.csv,post_iqr,1.9767624,-1.0010171
100_519,conc,100,LL2112_NC_conc.csv,post_iqr,3.254176,-1.8733584
100_520,conc,100,LL2112_NC_conc.csv,post_iqr,12.014626,4.770033
100_521,conc,100,LL2112_NC_conc.csv,post_iqr,2.6007817,-1.51861
100_523,conc,100,LL2112_NC_conc.csv,post_iqr,11.796782,4.956391
100_524,conc,100,LL2112_NC_conc.csv,post_iqr,11.553193,5.2776337
100_525,conc,100,LL2112_NC_conc.csv,post_iqr,2.537779,-1.1058424
100_526,conc,100,LL2112_NC_conc.csv,post_iqr,11.988658,4.905849
100_527,conc,100,LL2112_NC_conc.csv,post_iqr,11.022914,5.6772375
100_528,conc,100,LL2112_NC_conc.csv,post_iqr,12.001267,5.2276597
100_529,conc,100,LL2112_NC_conc.csv,post_iqr,11.939164,5.707802
100_530,conc,100,LL2112_NC_conc.csv,post_iqr,3.5291462,-0.19599444
100_531,conc,100,LL2112_NC_conc.csv,post_iqr,2.1212587,-0.9105367
100_532,conc,100,LL2112_NC_conc.csv,post_iqr,10.8492565,5.877693
100_533,conc,100,LL2112_NC_conc.csv,post_iqr,12.016585,5.831689
100_535,conc,100,LL2112_NC_conc.csv,post_iqr,12.004779,6.051503
100_536,conc,100,LL2112_NC_conc.csv,post_iqr,11.435482,4.317849
100_537,conc,100,LL2112_NC_conc.csv,post_iqr,11.903931,5.3649383
100_538,conc,100,LL2112_NC_conc.csv,post_iqr,2.721026,-1.9882187
100_539,conc,100,LL2112_NC_conc.csv,post_iqr,11.945392,4.3301616
100_540,conc,100,LL2112_NC_conc.csv,post_iqr,11.6806345,5.6263804
100_541,conc,100,LL2112_NC_conc.csv,post_iqr,1.7264289,-0.761637
100_542,conc,100,LL2112_NC_conc.csv,post_iqr,3.0004246,-2.1809072
100_543,conc,100,LL2112_NC_conc.csv,post_iqr,1.813474,-0.7125165
100_544,conc,100,LL2112_NC_conc.csv,post_iqr,2.7943146,0.22497651
100_545,conc,100,LL2112_NC_conc.csv,post_iqr,12.100859,4.502006
100_546,conc,100,LL2112_NC_conc.csv,post_iqr,2.1925015,0.12919073
100_547,conc,100,LL2112_NC_conc.csv,post_iqr,10.135687,4.2269063
100_548,conc,100,LL2112_NC_conc.csv,post_iqr,12.087477,6.06791
100_549,conc,100,LL2112_NC_conc.csv,post_iqr,10.190528,4.6670465
100_550,conc,100,LL2112_NC_conc.csv,post_iqr,11.560888,5.9500475
100_551,conc,100,LL2112_NC_conc.csv,post_iqr,4.943352,13.6367655
100_552,conc,100,LL2112_NC_conc.csv,post_iqr,2.899873,-2.0513487
100_553,conc,100,LL2112_NC_conc.csv,post_iqr,2.8944938,-0.12562694
100_554,conc,100,LL2112_NC_conc.csv,post_iqr,1.7775993,-0.24326423
100_555,conc,100,LL2112_NC_conc.csv,post_iqr,2.8448231,-1.7198168
100_556,conc,100,LL2112_NC_conc.csv,post_iqr,2.368573,-0.10458816
100_557,conc,100,LL2112_NC_conc.csv,post_iqr,2.3814237,-1.1696362
100_558,conc,100,LL2112_NC_conc.csv,post_iqr,10.313027,4.629683
100_559,conc,100,LL2112_NC_conc.csv,post_iqr,11.918379,6.1235166
100_560,conc,100,LL2112_NC_conc.csv,post_iqr,11.924649,5.9764466
100_561,conc,100,LL2112_NC_conc.csv,post_iqr,3.1517513,0.9948124
100_562,conc,100,LL2112_NC_conc.csv,post_iqr,2.4556222,-0.4547276
100_563,conc,100,LL2112_NC_conc.csv,post_iqr,3.7026372,-1.9926863
100_564,conc,100,LL2112_NC_conc.csv,post_iqr,2.8643343,-0.40636545
100_566,conc,100,LL2112_NC_conc.csv,post_iqr,11.523995,5.9164257
100_567,conc,100,LL2112_NC_conc.csv,post_iqr,11.73494,4.532591
100_568,conc,100,LL2112_NC_conc.csv,post_iqr,11.3973055,4.836328
100_569,conc,100,LL2112_NC_conc.csv,post_iqr,3.2649648,1.1666214
100_570,conc,100,LL2112_NC_conc.csv,post_iqr,3.775263,-0.6779064
100_571,conc,100,LL2112_NC_conc.csv,post_iqr,3.0855765,0.22494523
100_572,conc,100,LL2112_NC_conc.csv,post_iqr,11.471072,5.0810614
100_573,conc,100,LL2112_NC_conc.csv,post_iqr,2.480169,0.11565594
100_574,conc,100,LL2112_NC_conc.csv,post_iqr,2.6834424,-2.1240342
100_576,conc,100,LL2112_NC_conc.csv,post_iqr,2.7461264,-1.659394
100_577,conc,100,LL2112_NC_conc.csv,post_iqr,2.1406977,-1.248463
100_578,conc,100,LL2112_NC_conc.csv,post_iqr,11.941187,5.323199
100_579,conc,100,LL2112_NC_conc.csv,post_iqr,1.9970367,-0.65164804
100_580,conc,100,LL2112_NC_conc.csv,post_iqr,12.058335,6.019464
100_581,conc,100,LL2112_NC_conc.csv,post_iqr,2.0144675,0.13157073
100_582,conc,100,LL2112_NC_conc.csv,post_iqr,1.81698,-0.20163023
100_583,conc,100,LL2112_NC_conc.csv,post_iqr,1.8043443,-0.9834194
100_585,conc,100,LL2112_NC_conc.csv,post_iqr,2.4191844,-0.2535894
100_586,conc,100,LL2112_NC_conc.csv,post_iqr,3.832203,-0.1830794
100_587,conc,100,LL2112_NC_conc.csv,post_iqr,10.806765,4.781803
100_588,conc,100,LL2112_NC_conc.csv,post_iqr,9.602532,4.0663404
100_589,conc,100,LL2112_NC_conc.csv,post_iqr,2.9282649,-0.3671174
100_590,conc,100,LL2112_NC_conc.csv,post_iqr,2.6906102,-0.17606825
100_591,conc,100,LL2112_NC_conc.csv,post_iqr,2.609086,-1.2593043
100_593,conc,100,LL2112_NC_conc.csv,post_iqr,1.8152616,-0.269316
100_594,conc,100,LL2112_NC_conc.csv,post_iqr,11.171901,5.072796
100_595,conc,100,LL2112_NC_conc.csv,post_iqr,11.909486,6.1169186
100_596,conc,100,LL2112_NC_conc.csv,post_iqr,2.337763,-1.9553821
100_597,conc,100,LL2112_NC_conc.csv,post_iqr,2.2166297,0.78753746
100_598,conc,100,LL2112_NC_conc.csv,post_iqr,2.4710999,-0.49248934
100_599,conc,100,LL2112_NC_conc.csv,post_iqr,11.579469,4.9356627
100_600,conc,100,LL2112_NC_conc.csv,post_iqr,11.687631,4.275257
100_602,conc,100,LL2112_NC_conc.csv,post_iqr,2.138064,0.3127923
100_604,conc,100,LL2112_NC_conc.csv,post_iqr,10.740172,4.2939568
100_605,conc,100,LL2112_NC_conc.csv,post_iqr,11.339002,4.3952165
100_606,conc,100,LL2112_NC_conc.csv,post_iqr,2.221508,-1.3276697
100_607,conc,100,LL2112_NC_conc.csv,post_iqr,1.9840134,-1.3883675
100_608,conc,100,LL2112_NC_conc.csv,post_iqr,3.22551,-1.7702745
100_610,conc,100,LL2112_NC_conc.csv,post_iqr,2.2959461,-0.97863096
100_611,conc,100,LL2112_NC_conc.csv,post_iqr,11.76473,5.209802
100_612,conc,100,LL2112_NC_conc.csv,post_iqr,2.0997057,0.037257962
100_613,conc,100,LL2112_NC_conc.csv,post_iqr,2.3301942,0.8115827
100_614,conc,100,LL2112_NC_conc.csv,post_iqr,11.96594,4.971142
100_615,conc,100,LL2112_NC_conc.csv,post_iqr,11.848838,5.429324
100_616,conc,100,LL2112_NC_conc.csv,post_iqr,10.343661,4.658903
100_618,conc,100,LL2112_NC_conc.csv,post_iqr,3.2449675,-0.7668055
100_619,conc,100,LL2112_NC_conc.csv,post_iqr,11.889747,5.092989
100_620,conc,100,LL2112_NC_conc.csv,post_iqr,2.5806985,-1.9393821
100_621,conc,100,LL2112_NC_conc.csv,post_iqr,2.9932046,0.034823183
100_622,conc,100,LL2112_NC_conc.csv,post_iqr,2.1578817,-1.5928048
100_623,conc,100,LL2112_NC_conc.csv,post_iqr,2.2443347,-0.6063078
100_624,conc,100,LL2112_NC_conc.csv,post_iqr,2.029801,-0.76315045
100_625,conc,100,LL2112_NC_conc.csv,post_iqr,2.2004824,-2.2652545
100_626,conc,100,LL2112_NC_conc.csv,post_iqr,11.710802,5.714266
100_627,conc,100,LL2112_NC_conc.csv,post_iqr,11.724569,4.9595704
100_628,conc,100,LL2112_NC_conc.csv,post_iqr,2.6842582,0.999567
100_630,conc,100,LL2112_NC_conc.csv,post_iqr,2.8741305,-2.2434175
100_631,conc,100,LL2112_NC_conc.csv,post_iqr,1.5661556,-1.1844677
100_632,conc,100,LL2112_NC_conc.csv,post_iqr,12.043894,4.3481097
100_633,conc,100,LL2112_NC_conc.csv,post_iqr,3.759907,0.004051029
100_634,conc,100,LL2112_NC_conc.csv,post_iqr,11.939093,5.840154
100_635,conc,100,LL2112_NC_conc.csv,post_iqr,2.8750257,-1.7136846
100_636,conc,100,LL2112_NC_conc.csv,post_iqr,11.687842,5.4110794
100_638,conc,100,LL2112_NC_conc.csv,post_iqr,10.997183,4.3186374
100_639,conc,100,LL2112_NC_conc.csv,post_iqr,2.2085164,-0.7381877
100_640,conc,100,LL2112_NC_conc.csv,post_iqr,11.374261,4.553165
100_641,conc,100,LL2112_NC_conc.csv,post_iqr,2.5316594,0.6105677
100_642,conc,100,LL2112_NC_conc.csv,post_iqr,3.5768359,0.26079714
100_643,conc,100,LL2112_NC_conc.csv,post_iqr,2.544432,-1.1676015
100_644,conc,100,LL2112_NC_conc.csv,post_iqr,3.4835844,-2.2110405
100_645,conc,100,LL2112_NC_conc.csv,post_iqr,2.4116035,-2.032194
100_646,conc,100,LL2112_NC_conc.csv,post_iqr,10.480606,4.7718577
100_647,conc,100,LL2112_NC_conc.csv,post_iqr,2.7637978,-2.1156673
100_648,conc,100,LL2112_NC_conc.csv,post_iqr,11.512366,4.6018553
100_649,conc,100,LL2112_NC_conc.csv,post_iqr,9.912141,4.197917
100_650,conc,100,LL2112_NC_conc.csv,post_iqr,9.899652,3.834873
100_651,conc,100,LL2112_NC_conc.csv,post_iqr,11.515576,5.4926805
100_652,conc,100,LL2112_NC_conc.csv,post_iqr,12.063549,5.9253635
100_653,conc,100,LL2112_NC_conc.csv,post_iqr,1.9811909,-0.26866636
100_655,conc,100,LL2112_NC_conc.csv,post_iqr,11.34256,5.8726683
100_656,conc,100,LL2112_NC_conc.csv,post_iqr,2.2955108,-1.1621981
100_657,conc,100,LL2112_NC_conc.csv,post_iqr,2.50847,-0.50562847
100_658,conc,100,LL2112_NC_conc.csv,post_iqr,11.83539,4.4263706
100_659,conc,100,LL2112_NC_conc.csv,post_iqr,2.9157164,-1.4708867
100_660,conc,100,LL2112_NC_conc.csv,post_iqr,12.070655,5.7209373
100_661,conc,100,LL2112_NC_conc.csv,post_iqr,3.4991524,0.8227506
100_662,conc,100,LL2112_NC_conc.csv,post_iqr,10.736553,4.210934
100_663,conc,100,LL2112_NC_conc.csv,post_iqr,2.2195332,-1.257063
100_664,conc,100,LL2112_NC_conc.csv,post_iqr,11.377537,5.8661375
100_665,conc,100,LL2112_NC_conc.csv,post_iqr,2.3500922,-0.19293538
100_666,conc,100,LL2112_NC_conc.csv,post_iqr,2.3807378,-0.8716208
100_667,conc,100,LL2112_NC_conc.csv,post_iqr,2.4819636,0.88399136
100_668,conc,100,LL2112_NC_conc.csv,post_iqr,10.390872,4.5643344
100_669,conc,100,LL2112_NC_conc.csv,post_iqr,10.406473,4.5032973
100_670,conc,100,LL2112_NC_conc.csv,post_iqr,11.920396,5.4082522
100_671,conc,100,LL2112_NC_conc.csv,post_iqr,1.9426507,-0.44469774
100_672,conc,100,LL2112_NC_conc.csv,post_iqr,11.785443,5.976409
100_673,conc,100,LL2112_NC_conc.csv,post_iqr,2.0557878,-1.2088462
100_674,conc,100,LL2112_NC_conc.csv,post_iqr,11.166425,4.6871586
100_675,conc,100,LL2112_NC_conc.csv,post_iqr,11.970705,5.68182
100_676,conc,100,LL2112_NC_conc.csv,post_iqr,2.0540895,-1.1555343
100_678,conc,100,LL2112_NC_conc.csv,post_iqr,2.332581,0.5734949
100_679,conc,100,LL2112_NC_conc.csv,post_iqr,11.059183,4.3726296
100_680,conc,100,LL2112_NC_conc.csv,post_iqr,2.0466669,-0.8283004
100_681,conc,100,LL2112_NC_conc.csv,post_iqr,11.302196,4.344685
100_682,conc,100,LL2112_NC_conc.csv,post_iqr,11.752546,5.626783
100_683,conc,100,LL2112_NC_conc.csv,post_iqr,11.726892,4.574672
100_684,conc,100,LL2112_NC_conc.csv,post_iqr,2.604887,-1.5842546
100_685,conc,100,LL2112_NC_conc.csv,post_iqr,1.7055033,-1.2847254
100_686,conc,100,LL2112_NC_conc.csv,post_iqr,2.5176332,-0.1542226
100_687,conc,100,LL2112_NC_conc.csv,post_iqr,2.5471272,0.85203964
100_688,conc,100,LL2112_NC_conc.csv,post_iqr,12.182618,5.3444033
100_689,conc,100,LL2112_NC_conc.csv,post_iqr,11.392073,5.7617044
100_690,conc,100,LL2112_NC_conc.csv,post_iqr,11.943048,5.5661793
100_691,conc,100,LL2112_NC_conc.csv,post_iqr,11.363797,5.789562
100_692,conc,100,LL2112_NC_conc.csv,post_iqr,3.6740937,0.39495376
100_693,conc,100,LL2112_NC_conc.csv,post_iqr,2.2356539,-0.54953074
100_694,conc,100,LL2112_NC_conc.csv,post_iqr,2.4782662,-1.7024661
100_695,conc,100,LL2112_NC_conc.csv,post_iqr,11.709737,5.5794272
100_696,conc,100,LL2112_NC_conc.csv,post_iqr,11.552522,5.433892
100_697,conc,100,LL2112_NC_conc.csv,post_iqr,2.7602975,0.5926497
100_698,conc,100,LL2112_NC_conc.csv,post_iqr,2.0192947,-0.4035581
100_699,conc,100,LL2112_NC_conc.csv,post_iqr,12.329328,5.5092144
100_700,conc,100,LL2112_NC_conc.csv,post_iqr,11.811476,4.4916773
100_701,conc,100,LL2112_NC_conc.csv,post_iqr,2.09204,0.27320156
100_702,conc,100,LL2112_NC_conc.csv,post_iqr,3.0201733,-1.1202039
100_704,conc,100,LL2112_NC_conc.csv,post_iqr,2.8097634,-1.4662877
100_705,conc,100,LL2112_NC_conc.csv,post_iqr,2.571506,-2.060116
100_706,conc,100,LL2112_NC_conc.csv,post_iqr,3.1228442,-0.43930188
100_707,conc,100,LL2112_NC_conc.csv,post_iqr,11.451131,5.344812
100_708,conc,100,LL2112_NC_conc.csv,post_iqr,3.6992657,0.18319026
100_709,conc,100,LL2112_NC_conc.csv,post_iqr,2.3817153,0.675891
100_710,conc,100,LL2112_NC_conc.csv,post_iqr,3.6601806,-0.040889103
100_711,conc,100,LL2112_NC_conc.csv,post_iqr,10.994551,5.820757
100_712,conc,100,LL2112_NC_conc.csv,post_iqr,11.790475,4.8036814
100_713,conc,100,LL2112_NC_conc.csv,post_iqr,3.4118345,0.7202125
100_714,conc,100,LL2112_NC_conc.csv,post_iqr,12.031109,6.1235366
100_715,conc,100,LL2112_NC_conc.csv,post_iqr,3.6095955,0.6304922
100_716,conc,100,LL2112_NC_conc.csv,post_iqr,10.666729,4.4303265
100_717,conc,100,LL2112_NC_conc.csv,post_iqr,2.1681252,-1.779587
100_718,conc,100,LL2112_NC_conc.csv,post_iqr,2.090291,0.15392564
100_719,conc,100,LL2112_NC_conc.csv,post_iqr,3.7193472,-0.031779982
100_720,conc,100,LL2112_NC_conc.csv,post_iqr,1.9210027,-0.7824757
100_721,conc,100,LL2112_NC_conc.csv,post_iqr,2.1798983,0.086645216
100_722,conc,100,LL2112_NC_conc.csv,post_iqr,3.327189,-0.76508665
100_723,conc,100,LL2112_NC_conc.csv,post_iqr,1.806916,-1.3977313
100_724,conc,100,LL2112_NC_conc.csv,post_iqr,11.556342,5.1280866
100_725,conc,100,LL2112_NC_conc.csv,post_iqr,2.2447176,-1.1854486
100_726,conc,100,LL2112_NC_conc.csv,post_iqr,10.790288,4.414078
100_727,conc,100,LL2112_NC_conc.csv,post_iqr,3.4811184,0.28768432
100_729,conc,100,LL2112_NC_conc.csv,post_iqr,2.0980058,-1.4572593
100_730,conc,100,LL2112_NC_conc.csv,post_iqr,9.946057,4.6936073
100_731,conc,100,LL2112_NC_conc.csv,post_iqr,1.7583872,-0.1731127
100_732,conc,100,LL2112_NC_conc.csv,post_iqr,10.930973,5.7970657
100_733,conc,100,LL2112_NC_conc.csv,post_iqr,11.693464,4.924052
100_734,conc,100,LL2112_NC_conc.csv,post_iqr,3.113163,-1.4036337
100_735,conc,100,LL2112_NC_conc.csv,post_iqr,2.436162,-1.895849
100_736,conc,100,LL2112_NC_conc.csv,post_iqr,11.506258,5.640865
100_737,conc,100,LL2112_NC_conc.csv,post_iqr,1.690848,-0.25443387
100_738,conc,100,LL2112_NC_conc.csv,post_iqr,11.924486,5.3849807
100_740,conc,100,LL2112_NC_conc.csv,post_iqr,1.4746842,-0.8151419
100_741,conc,100,LL2112_NC_conc.csv,post_iqr,2.1510663,0.42177117
100_742,conc,100,LL2112_NC_conc.csv,post_iqr,10.772624,5.4532275
100_743,conc,100,LL2112_NC_conc.csv,post_iqr,2.9190784,0.17988293
100_744,conc,100,LL2112_NC_conc.csv,post_iqr,1.9647875,-2.2660475
100_745,conc,100,LL2112_NC_conc.csv,post_iqr,1.8325765,-1.443373
100_746,conc,100,LL2112_NC_conc.csv,post_iqr,2.6856868,0.107246414
100_748,conc,100,LL2112_NC_conc.csv,post_iqr,9.91658,4.6425195
100_749,conc,100,LL2112_NC_conc.csv,post_iqr,3.6234753,-1.5362128
100_750,conc,100,LL2112_NC_conc.csv,post_iqr,3.3122978,-0.6098751
100_751,conc,100,LL2112_NC_conc.csv,post_iqr,12.3128,5.7167783
100_752,conc,100,LL2112_NC_conc.csv,post_iqr,11.884519,4.9064074
100_753,conc,100,LL2112_NC_conc.csv,post_iqr,3.179187,-2.302644
100_754,conc,100,LL2112_NC_conc.csv,post_iqr,2.9140306,-0.66167057
100_755,conc,100,LL2112_NC_conc.csv,post_iqr,12.355082,5.177982
100_757,conc,100,LL2112_NC_conc.csv,post_iqr,2.8999934,-1.838308
100_758,conc,100,LL2112_NC_conc.csv,post_iqr,3.2531936,-0.3719991
100_759,conc,100,LL2112_NC_conc.csv,post_iqr,11.284333,5.7835383
100_760,conc,100,LL2112_NC_conc.csv,post_iqr,11.106619,4.298341
100_761,conc,100,LL2112_NC_conc.csv,post_iqr,11.967484,5.7803216
100_762,conc,100,LL2112_NC_conc.csv,post_iqr,1.4424746,-0.32465038
100_763,conc,100,LL2112_NC_conc.csv,post_iqr,10.093351,4.5977554
100_764,conc,100,LL2112_NC_conc.csv,post_iqr,10.960551,4.7885303
100_765,conc,100,LL2112_NC_conc.csv,post_iqr,3.1318493,0.3703863
100_766,conc,100,LL2112_NC_conc.csv,post_iqr,1.748845,-2.0889502
100_767,conc,100,LL2112_NC_conc.csv,post_iqr,2.0306792,-1.6388712
100_768,conc,100,LL2112_NC_conc.csv,post_iqr,1.6175697,-1.9463204
100_769,conc,100,LL2112_NC_conc.csv,post_iqr,11.379845,5.179545
100_770,conc,100,LL2112_NC_conc.csv,post_iqr,12.315918,5.779113
100_771,conc,100,LL2112_NC_conc.csv,post_iqr,3.1651142,-0.5045561
100_772,conc,100,LL2112_NC_conc.csv,post_iqr,1.8044906,0.24747352
100_773,conc,100,LL2112_NC_conc.csv,post_iqr,1.798363,-0.97062826
100_774,conc,100,LL2112_NC_conc.csv,post_iqr,2.2040732,-1.8144532
100_775,conc,100,LL2112_NC_conc.csv,post_iqr,3.0565023,-1.2618058
100_776,conc,100,LL2112_NC_conc.csv,post_iqr,2.4206736,-0.46857554
100_777,conc,100,LL2112_NC_conc.csv,post_iqr,3.7312152,0.0972751
100_778,conc,100,LL2112_NC_conc.csv,post_iqr,3.2044942,-0.19823742
100_779,conc,100,LL2112_NC_conc.csv,post_iqr,1.276529,-1.1285284
100_780,conc,100,LL2112_NC_conc.csv,post_iqr,2.1913183,-2.0054696
100_781,conc,100,LL2112_NC_conc.csv,post_iqr,3.402369,-0.92732954
100_782,conc,100,LL2112_NC_conc.csv,post_iqr,3.9387496,-1.23265
100_783,conc,100,LL2112_NC_conc.csv,post_iqr,2.8841999,0.37254974
100_784,conc,100,LL2112_NC_conc.csv,post_iqr,1.6070877,-1.479102
100_785,conc,100,LL2112_NC_conc.csv,post_iqr,3.0376897,-1.1957043
100_786,conc,100,LL2112_NC_conc.csv,post_iqr,11.548697,6.0914416
100_787,conc,100,LL2112_NC_conc.csv,post_iqr,1.7254813,-1.4543452
100_788,conc,100,LL2112_NC_conc.csv,post_iqr,11.36299,6.0060825
100_789,conc,100,LL2112_NC_conc.csv,post_iqr,11.550446,4.2922482
100_790,conc,100,LL2112_NC_conc.csv,post_iqr,12.096031,5.806842
100_791,conc,100,LL2112_NC_conc.csv,post_iqr,3.1456635,-1.0025934
100_792,conc,100,LL2112_NC_conc.csv,post_iqr,2.051411,-1.9662378
100_793,conc,100,LL2112_NC_conc.csv,post_iqr,2.346481,-1.7998245
100_794,conc,100,LL2112_NC_conc.csv,post_iqr,1.5610641,-1.9247056
100_795,conc,100,LL2112_NC_conc.csv,post_iqr,12.292024,5.295625
100_796,conc,100,LL2112_NC_conc.csv,post_iqr,2.2858567,-0.9989522
100_797,conc,100,LL2112_NC_conc.csv,post_iqr,3.6542618,-0.33746254
100_798,conc,100,LL2112_NC_conc.csv,post_iqr,3.0065086,1.0320036
100_799,conc,100,LL2112_NC_conc.csv,post_iqr,2.9604988,0.10084989
100_800,conc,100,LL2112_NC_conc.csv,post_iqr,1.1576567,-0.85084975
100_801,conc,100,LL2112_NC_conc.csv,post_iqr,9.477972,3.8050172
100_802,conc,100,LL2112_NC_conc.csv,post_iqr,2.74677,-1.2769594
100_803,conc,100,LL2112_NC_conc.csv,post_iqr,11.430787,4.2845173
100_804,conc,100,LL2112_NC_conc.csv,post_iqr,10.244075,4.859358
100_805,conc,100,LL2112_NC_conc.csv,post_iqr,10.978388,4.235361
100_806,conc,100,LL2112_NC_conc.csv,post_iqr,12.313455,5.0760584
100_807,conc,100,LL2112_NC_conc.csv,post_iqr,11.846261,6.117188
100_808,conc,100,LL2112_NC_conc.csv,post_iqr,1.8630623,-2.0319567
100_809,conc,100,LL2112_NC_conc.csv,post_iqr,2.8005672,-0.15179667
100_810,conc,100,LL2112_NC_conc.csv,post_iqr,10.302577,4.586105
100_811,conc,100,LL2112_NC_conc.csv,post_iqr,3.111295,0.7488039
100_812,conc,100,LL2112_NC_conc.csv,post_iqr,2.6992886,0.4693558
100_813,conc,100,LL2112_NC_conc.csv,post_iqr,3.6372225,-2.1020033
100_814,conc,100,LL2112_NC_conc.csv,post_iqr,2.920819,0.320793
100_815,conc,100,LL2112_NC_conc.csv,post_iqr,11.169603,4.952434
100_816,conc,100,LL2112_NC_conc.csv,post_iqr,10.863196,5.258879
100_817,conc,100,LL2112_NC_conc.csv,post_iqr,9.972944,3.8514733
100_818,conc,100,LL2112_NC_conc.csv,post_iqr,1.7477466,-0.8162941
100_819,conc,100,LL2112_NC_conc.csv,post_iqr,3.4199762,0.9169554
100_820,conc,100,LL2112_NC_conc.csv,post_iqr,1.9167193,-1.6921183
100_821,conc,100,LL2112_NC_conc.csv,post_iqr,3.3153057,0.60947657
100_822,conc,100,LL2112_NC_conc.csv,post_iqr,3.2953005,-0.16361862
100_823,conc,100,LL2112_NC_conc.csv,post_iqr,9.787364,4.365988
100_824,conc,100,LL2112_NC_conc.csv,post_iqr,3.1570847,-1.3723321
100_825,conc,100,LL2112_NC_conc.csv,post_iqr,12.035027,5.6951804
100_826,conc,100,LL2112_NC_conc.csv,post_iqr,3.0876899,-1.5574207
100_827,conc,100,LL2112_NC_conc.csv,post_iqr,1.2140133,-1.0806408
100_828,conc,100,LL2112_NC_conc.csv,post_iqr,2.6849146,-1.548541
100_829,conc,100,LL2112_NC_conc.csv,post_iqr,12.294563,5.73517
100_831,conc,100,LL2112_NC_conc.csv,post_iqr,3.3232386,-1.5966972
100_832,conc,100,LL2112_NC_conc.csv,post_iqr,3.0046377,-0.73172385
100_833,conc,100,LL2112_NC_conc.csv,post_iqr,3.6718397,-0.074329
100_835,conc,100,LL2112_NC_conc.csv,post_iqr,10.94178,5.358303
100_836,conc,100,LL2112_NC_conc.csv,post_iqr,3.177979,-0.013092434
100_837,conc,100,LL2112_NC_conc.csv,post_iqr,2.7909784,-2.0545013
100_838,conc,100,LL2112_NC_conc.csv,post_iqr,12.297731,5.1528153
100_839,conc,100,LL2112_NC_conc.csv,post_iqr,2.7913885,-2.1653316
100_840,conc,100,LL2112_NC_conc.csv,post_iqr,1.2681686,-0.6062133
100_841,conc,100,LL2112_NC_conc.csv,post_iqr,3.0517356,-1.3541045
100_842,conc,100,LL2112_NC_conc.csv,post_iqr,3.8303998,0.33740425
100_843,conc,100,LL2112_NC_conc.csv,post_iqr,3.0316954,0.8651715
100_844,conc,100,LL2112_NC_conc.csv,post_iqr,10.49031,4.619967
100_845,conc,100,LL2112_NC_conc.csv,post_iqr,1.4685727,-0.54420155
100_846,conc,100,LL2112_NC_conc.csv,post_iqr,1.4962678,-0.6412793
100_847,conc,100,LL2112_NC_conc.csv,post_iqr,3.3978012,-0.018706504
100_848,conc,100,LL2112_NC_conc.csv,post_iqr,12.1530285,5.9067564
100_849,conc,100,LL2112_NC_conc.csv,post_iqr,1.675903,-1.6849016
100_850,conc,100,LL2112_NC_conc.csv,post_iqr,2.415875,0.12857512
100_851,conc,100,LL2112_NC_conc.csv,post_iqr,2.695076,0.8470383
100_852,conc,100,LL2112_NC_conc.csv,post_iqr,2.6585677,-2.0443332
100_853,conc,100,LL2112_NC_conc.csv,post_iqr,11.91168,4.4599986
100_854,conc,100,LL2112_NC_conc.csv,post_iqr,11.640545,5.2103806
100_855,conc,100,LL2112_NC_conc.csv,post_iqr,3.6751015,0.8084501
100_856,conc,100,LL2112_NC_conc.csv,post_iqr,3.0901551,0.094190694
100_857,conc,100,LL2112_NC_conc.csv,post_iqr,11.923954,6.054944
100_859,conc,100,LL2112_NC_conc.csv,post_iqr,12.135316,4.559028
100_860,conc,100,LL2112_NC_conc.csv,post_iqr,12.147149,4.7182384
100_861,conc,100,LL2112_NC_conc.csv,post_iqr,2.5985959,0.046657786
100_862,conc,100,LL2112_NC_conc.csv,post_iqr,2.1707284,-1.4876021
100_863,conc,100,LL2112_NC_conc.csv,post_iqr,2.7005496,0.101708695
100_864,conc,100,LL2112_NC_conc.csv,post_iqr,11.579954,4.565932
100_865,conc,100,LL2112_NC_conc.csv,post_iqr,3.3628771,-0.2518168
100_866,conc,100,LL2112_NC_conc.csv,post_iqr,1.8906692,-1.6944832
100_868,conc,100,LL2112_NC_conc.csv,post_iqr,1.6201718,-1.3152577
100_869,conc,100,LL2112_NC_conc.csv,post_iqr,2.07556,-2.132921
100_870,conc,100,LL2112_NC_conc.csv,post_iqr,2.6399114,-1.3381078
100_871,conc,100,LL2112_NC_conc.csv,post_iqr,1.9660069,-2.069028
100_872,conc,100,LL2112_NC_conc.csv,post_iqr,2.772207,-1.9518887
100_873,conc,100,LL2112_NC_conc.csv,post_iqr,11.568807,4.569921
100_874,conc,100,LL2112_NC_conc.csv,post_iqr,3.1677756,0.46068054
100_875,conc,100,LL2112_NC_conc.csv,post_iqr,12.30101,4.530372
100_876,conc,100,LL2112_NC_conc.csv,post_iqr,2.7044575,-1.7174764
100_877,conc,100,LL2112_NC_conc.csv,post_iqr,12.272623,5.0888143
100_879,conc,100,LL2112_NC_conc.csv,post_iqr,3.1034048,-0.89363694
100_880,conc,100,LL2112_NC_conc.csv,post_iqr,3.7795613,-0.63386226
100_881,conc,100,LL2112_NC_conc.csv,post_iqr,3.7510443,-0.4300218
100_883,conc,100,LL2112_NC_conc.csv,post_iqr,1.5009952,-1.6469359
100_884,conc,100,LL2112_NC_conc.csv,post_iqr,3.1173067,0.2038381
100_885,conc,100,LL2112_NC_conc.csv,post_iqr,10.346216,4.700336
100_886,conc,100,LL2112_NC_conc.csv,post_iqr,3.5039246,0.08311087
100_887,conc,100,LL2112_NC_conc.csv,post_iqr,1.6816752,-1.1428504
100_888,conc,100,LL2112_NC_conc.csv,post_iqr,10.830097,4.265959
100_889,conc,100,LL2112_NC_conc.csv,post_iqr,3.887334,-0.24085444
100_892,conc,100,LL2112_NC_conc.csv,post_iqr,1.08948,-0.84311134
100_893,conc,100,LL2112_NC_conc.csv,post_iqr,10.716181,5.744695
100_894,conc,100,LL2112_NC_conc.csv,post_iqr,2.5116897,-0.015782708
100_895,conc,100,LL2112_NC_conc.csv,post_iqr,3.0302396,-0.7877752
100_896,conc,100,LL2112_NC_conc.csv,post_iqr,3.5475578,0.9055799
100_897,conc,100,LL2112_NC_conc.csv,post_iqr,3.235765,-1.275431
100_899,conc,100,LL2112_NC_conc.csv,post_iqr,3.5608418,0.3018944
100_900,conc,100,LL2112_NC_conc.csv,post_iqr,3.347684,-1.153455
100_901,conc,100,LL2112_NC_conc.csv,post_iqr,11.739723,6.028467
100_902,conc,100,LL2112_NC_conc.csv,post_iqr,1.2536615,-0.6256022
100_903,conc,100,LL2112_NC_conc.csv,post_iqr,2.6792505,-0.28252888
100_904,conc,100,LL2112_NC_conc.csv,post_iqr,3.1189709,-1.192876
100_905,conc,100,LL2112_NC_conc.csv,post_iqr,10.337369,4.7238097
100_906,conc,100,LL2112_NC_conc.csv,post_iqr,12.078696,4.5909095
100_907,conc,100,LL2112_NC_conc.csv,post_iqr,3.5022485,-0.22100075
100_908,conc,100,LL2112_NC_conc.csv,post_iqr,3.646068,-0.9678627
100_909,conc,100,LL2112_NC_conc.csv,post_iqr,10.877138,5.9924817
100_910,conc,100,LL2112_NC_conc.csv,post_iqr,10.798998,5.4701233
100_911,conc,100,LL2112_NC_conc.csv,post_iqr,10.085789,3.9089937
100_913,conc,100,LL2112_NC_conc.csv,post_iqr,11.221753,5.5933557
100_914,conc,100,LL2112_NC_conc.csv,post_iqr,3.1587937,0.6030054
100_915,conc,100,LL2112_NC_conc.csv,post_iqr,10.809711,5.2195973
100_916,conc,100,LL2112_NC_conc.csv,post_iqr,3.923685,0.086543
100_917,conc,100,LL2112_NC_conc.csv,post_iqr,1.6296626,-1.4080713
100_918,conc,100,LL2112_NC_conc.csv,post_iqr,1.7562697,-0.7139477
100_919,conc,100,LL2112_NC_conc.csv,post_iqr,12.051422,4.9887805
100_920,conc,100,LL2112_NC_conc.csv,post_iqr,2.657517,0.37008572
100_921,conc,100,LL2112_NC_conc.csv,post_iqr,1.5314264,-1.5361302
100_922,conc,100,LL2112_NC_conc.csv,post_iqr,3.0295746,-1.8953973
100_923,conc,100,LL2112_NC_conc.csv,post_iqr,3.6981635,-0.12264949
100_924,conc,100,LL2112_NC_conc.csv,post_iqr,3.8051767,-0.724733
100_925,conc,100,LL2112_NC_conc.csv,post_iqr,10.083487,4.708586
100_926,conc,100,LL2112_NC_conc.csv,post_iqr,10.640189,5.2066126
100_927,conc,100,LL2112_NC_conc.csv,post_iqr,1.964429,-2.1671371
100_929,conc,100,LL2112_NC_conc.csv,post_iqr,3.785907,-1.4462703
100_930,conc,100,LL2112_NC_conc.csv,post_iqr,3.2231812,0.63141614
100_931,conc,100,LL2112_NC_conc.csv,post_iqr,1.8465691,-2.1569262
100_932,conc,100,LL2112_NC_conc.csv,post_iqr,3.7358813,0.047751162
100_933,conc,100,LL2112_NC_conc.csv,post_iqr,12.097506,5.3603754
100_935,conc,100,LL2112_NC_conc.csv,post_iqr,2.679157,0.9333164
100_936,conc,100,LL2112_NC_conc.csv,post_iqr,1.4611602,-1.8286186
100_937,conc,100,LL2112_NC_conc.csv,post_iqr,12.183722,6.097573
100_938,conc,100,LL2112_NC_conc.csv,post_iqr,1.8585851,0.17192738
100_939,conc,100,LL2112_NC_conc.csv,post_iqr,2.4892273,-2.3079312
100_940,conc,100,LL2112_NC_conc.csv,post_iqr,3.4161468,1.2492211
100_941,conc,100,LL2112_NC_conc.csv,post_iqr,11.0884695,4.512672
100_942,conc,100,LL2112_NC_conc.csv,post_iqr,1.7514001,-2.0478864
100_943,conc,100,LL2112_NC_conc.csv,post_iqr,3.7161276,0.7532792
100_944,conc,100,LL2112_NC_conc.csv,post_iqr,3.460765,-0.8672271
100_945,conc,100,LL2112_NC_conc.csv,post_iqr,3.7243001,0.48943755
100_946,conc,100,LL2112_NC_conc.csv,post_iqr,1.6165802,-1.8487597
100_947,conc,100,LL2112_NC_conc.csv,post_iqr,2.9729877,1.2117509
100_949,conc,100,LL2112_NC_conc.csv,post_iqr,3.5314176,1.0628992
100_951,conc,100,LL2112_NC_conc.csv,post_iqr,3.4788089,1.0214446
100_952,conc,100,LL2112_NC_conc.csv,post_iqr,1.596691,-2.0191631
100_953,conc,100,LL2112_NC_conc.csv,post_iqr,1.9871975,-1.6488295
100_954,conc,100,LL2112_NC_conc.csv,post_iqr,2.6709006,-1.6959041
100_955,conc,100,LL2112_NC_conc.csv,post_iqr,2.3574195,-2.2349575
100_956,conc,100,LL2112_NC_conc.csv,post_iqr,1.2699193,-1.108617
100_957,conc,100,LL2112_NC_conc.csv,post_iqr,11.192594,5.340433
100_958,conc,100,LL2112_NC_conc.csv,post_iqr,1.3130709,-0.7330789
100_959,conc,100,LL2112_NC_conc.csv,post_iqr,11.812856,5.8075395
100_960,conc,100,LL2112_NC_conc.csv,post_iqr,12.236094,4.9759398
100_961,conc,100,LL2112_NC_conc.csv,post_iqr,3.158888,-1.6616067
100_962,conc,100,LL2112_NC_conc.csv,post_iqr,11.581237,5.3452225
100_963,conc,100,LL2112_NC_conc.csv,post_iqr,9.839593,3.757738
100_964,conc,100,LL2112_NC_conc.csv,post_iqr,11.208386,4.9087653
100_965,conc,100,LL2112_NC_conc.csv,post_iqr,3.2949464,1.2021742
100_966,conc,100,LL2112_NC_conc.csv,post_iqr,2.4842925,-2.1976333
100_967,conc,100,LL2112_NC_conc.csv,post_iqr,2.8862972,-1.2696048
100_968,conc,100,LL2112_NC_conc.csv,post_iqr,9.944897,3.849869
100_969,conc,100,LL2112_NC_conc.csv,post_iqr,3.6527493,-1.276843
100_970,conc,100,LL2112_NC_conc.csv,post_iqr,3.5595198,0.6640279
100_971,conc,100,LL2112_NC_conc.csv,post_iqr,3.6778867,-0.3598144
100_972,conc,100,LL2112_NC_conc.csv,post_iqr,3.5956016,-1.2582238
100_973,conc,100,LL2112_NC_conc.csv,post_iqr,11.256755,4.5012727
100_974,conc,100,LL2112_NC_conc.csv,post_iqr,11.918808,5.0678387
100_975,conc,100,LL2112_NC_conc.csv,post_iqr,1.6147615,-1.5128396
100_976,conc,100,LL2112_NC_conc.csv,post_iqr,11.397383,4.5756273
100_977,conc,100,LL2112_NC_conc.csv,post_iqr,2.1044223,-2.3019202
100_978,conc,100,LL2112_NC_conc.csv,post_iqr,3.3382633,-1.5763464
100_979,conc,100,LL2112_NC_conc.csv,post_iqr,1.7619519,-2.1739078
100_980,conc,100,LL2112_NC_conc.csv,post_iqr,2.7326047,-2.1941671
100_981,conc,100,LL2112_NC_conc.csv,post_iqr,3.978943,-0.104129635
100_982,conc,100,LL2112_NC_conc.csv,post_iqr,11.02676,5.519757
100_983,conc,100,LL2112_NC_conc.csv,post_iqr,10.905123,4.5938454
100_984,conc,100,LL2112_NC_conc.csv,post_iqr,11.31654,5.2252607
100_985,conc,100,LL2112_NC_conc.csv,post_iqr,3.6068544,0.11663832
100_986,conc,100,LL2112_NC_conc.csv,post_iqr,1.7277792,-1.0865211
100_987,conc,100,LL2112_NC_conc.csv,post_iqr,11.865461,6.1893497
100_988,conc,100,LL2112_NC_conc.csv,post_iqr,2.2984498,-2.3246233
100_990,conc,100,LL2112_NC_conc.csv,post_iqr,11.703412,4.4365897
100_991,conc,100,LL2112_NC_conc.csv,post_iqr,12.10157,5.0854297
100_992,conc,100,LL2112_NC_conc.csv,post_iqr,3.7370825,-2.0066993
100_993,conc,100,LL2112_NC_conc.csv,post_iqr,10.491413,5.2984915
100_994,conc,100,LL2112_NC_conc.csv,post_iqr,2.4685585,-2.0515106
100_995,conc,100,LL2112_NC_conc.csv,post_iqr,1.7224559,-1.5647889
100_996,conc,100,LL2112_NC_conc.csv,post_iqr,3.0854585,-0.9435727
100_997,conc,100,LL2112_NC_conc.csv,post_iqr,2.0855973,-2.300109
100_998,conc,100,LL2112_NC_conc.csv,post_iqr,1.2743232,-1.04881
100_999,conc,100,LL2112_NC_conc.csv,post_iqr,11.82073,5.5657277
100_1000,conc,100,LL2112_NC_conc.csv,post_iqr,3.973428,0.002967012
100_1001,conc,100,LL2112_NC_conc.csv,post_iqr,3.9193835,0.44612318
100_1002,conc,100,LL2112_NC_conc.csv,post_iqr,3.420641,-1.7360708
100_1003,conc,100,LL2112_NC_conc.csv,post_iqr,11.070799,4.849336
100_1004,conc,100,LL2112_NC_conc.csv,post_iqr,10.768463,5.5642295
100_1005,conc,100,LL2112_NC_conc.csv,post_iqr,12.065381,5.03092
100_1006,conc,100,LL2112_NC_conc.csv,post_iqr,2.5244982,0.64151144
100_1007,conc,100,LL2112_NC_conc.csv,post_iqr,3.602253,1.1246125
100_1009,conc,100,LL2112_NC_conc.csv,post_iqr,2.6066952,0.4638094
100_1010,conc,100,LL2112_NC_conc.csv,post_iqr,3.631715,0.503709
100_1011,conc,100,LL2112_NC_conc.csv,post_iqr,3.3411632,0.17124254
100_1012,conc,100,LL2112_NC_conc.csv,post_iqr,3.5751987,0.9387851
100_1013,conc,100,LL2112_NC_conc.csv,post_iqr,2.8653405,-2.3655505
100_1014,conc,100,LL2112_NC_conc.csv,post_iqr,12.186599,4.613003
100_1015,conc,100,LL2112_NC_conc.csv,post_iqr,4.08571,-0.3336711
100_1016,conc,100,LL2112_NC_conc.csv,post_iqr,2.904391,0.50182194
100_1017,conc,100,LL2112_NC_conc.csv,post_iqr,9.519199,4.0318556
100_1018,conc,100,LL2112_NC_conc.csv,post_iqr,3.748663,0.73694795
100_1019,conc,100,LL2112_NC_conc.csv,post_iqr,12.007698,5.3600845
100_1020,conc,100,LL2112_NC_conc.csv,post_iqr,3.2381406,0.18932788
100_1021,conc,100,LL2112_NC_conc.csv,post_iqr,3.736949,-1.0543399
100_1022,conc,100,LL2112_NC_conc.csv,post_iqr,9.912133,4.7021933
100_1024,conc,100,LL2112_NC_conc.csv,post_iqr,3.231918,0.67523146
100_1025,conc,100,LL2112_NC_conc.csv,post_iqr,3.3485527,1.1568657
100_1026,conc,100,LL2112_NC_conc.csv,post_iqr,10.353211,4.2600927
100_1027,conc,100,LL2112_NC_conc.csv,post_iqr,1.788644,-1.5389822
100_1028,conc,100,LL2112_NC_conc.csv,post_iqr,1.1578122,-0.9948188
100_1029,conc,100,LL2112_NC_conc.csv,post_iqr,10.281027,4.3377824
100_1030,conc,100,LL2112_NC_conc.csv,post_iqr,3.9349434,0.031213863
100_1031,conc,100,LL2112_NC_conc.csv,post_iqr,4.0128207,0.31635252
100_1032,conc,100,LL2112_NC_conc.csv,post_iqr,11.896597,5.6090145
100_1033,conc,100,LL2112_NC_conc.csv,post_iqr,4.1129417,0.002228971
100_1034,conc,100,LL2112_NC_conc.csv,post_iqr,3.593771,-2.1056898
100_1035,conc,100,LL2112_NC_conc.csv,post_iqr,12.231462,4.4918814
100_1036,conc,100,LL2112_NC_conc.csv,post_iqr,11.981759,4.3954463
100_1037,conc,100,LL2112_NC_conc.csv,post_iqr,11.829662,4.6281013
100_1038,conc,100,LL2112_NC_conc.csv,post_iqr,3.0442817,1.0909752
100_1039,conc,100,LL2112_NC_conc.csv,post_iqr,3.6111348,0.9370809
100_1040,conc,100,LL2112_NC_conc.csv,post_iqr,1.5744845,-0.111370794
100_1041,conc,100,LL2112_NC_conc.csv,post_iqr,11.639001,5.5834584
100_1042,conc,100,LL2112_NC_conc.csv,post_iqr,2.615001,-1.2437243
100_1043,conc,100,LL2112_NC_conc.csv,post_iqr,2.1615229,-2.0841455
100_1044,conc,100,LL2112_NC_conc.csv,post_iqr,3.922257,0.573242
100_1045,conc,100,LL2112_NC_conc.csv,post_iqr,11.3540125,5.827886
100_1046,conc,100,LL2112_NC_conc.csv,post_iqr,3.316619,-1.817287
100_1047,conc,100,LL2112_NC_conc.csv,post_iqr,11.466046,4.992334
100_1048,conc,100,LL2112_NC_conc.csv,post_iqr,1.9125985,-0.6151346
100_1049,conc,100,LL2112_NC_conc.csv,post_iqr,11.531665,5.906795
100_1050,conc,100,LL2112_NC_conc.csv,post_iqr,12.029751,5.029339
100_1051,conc,100,LL2112_NC_conc.csv,post_iqr,1.9967414,-2.380547
100_1052,conc,100,LL2112_NC_conc.csv,post_iqr,2.9816878,-2.2597764
100_1053,conc,100,LL2112_NC_conc.csv,post_iqr,3.1906817,0.26590782
100_1054,conc,100,LL2112_NC_conc.csv,post_iqr,1.3823942,-1.0972214
100_1055,conc,100,LL2112_NC_conc.csv,post_iqr,3.453218,0.7874593
100_1056,conc,100,LL2112_NC_conc.csv,post_iqr,12.311509,5.256437
100_1057,conc,100,LL2112_NC_conc.csv,post_iqr,9.702875,4.000973
100_1058,conc,100,LL2112_NC_conc.csv,post_iqr,1.2291791,-1.401611
100_1059,conc,100,LL2112_NC_conc.csv,post_iqr,1.7634538,-1.5962161
100_1060,conc,100,LL2112_NC_conc.csv,post_iqr,2.3639402,0.31077793
100_1061,conc,100,LL2112_NC_conc.csv,post_iqr,11.9369955,4.560245
100_1062,conc,100,LL2112_NC_conc.csv,post_iqr,10.375162,4.656012
100_1063,conc,100,LL2112_NC_conc.csv,post_iqr,3.600172,1.1114756
100_1064,conc,100,LL2112_NC_conc.csv,post_iqr,3.7829826,0.020632185
100_1065,conc,100,LL2112_NC_conc.csv,post_iqr,12.050561,5.396514
100_1066,conc,100,LL2112_NC_conc.csv,post_iqr,2.5526505,-2.4156833
PBS_69,conc,PBS,LL2112_NC_conc.csv,post_iqr,4.607082,14.703602
PBS_70,conc,PBS,LL2112_NC_conc.csv,post_iqr,5.09569,14.908298
PBS_71,conc,PBS,LL2112_NC_conc.csv,post_iqr,4.754775,14.913462
PBS_72,conc,PBS,LL2112_NC_conc.csv,post_iqr,5.163597,14.9861355
PBS_73,conc,PBS,LL2112_NC_conc.csv,post_iqr,4.9097266,15.045907
PBS_74,conc,PBS,LL2112_NC_conc.csv,post_iqr,4.9075785,14.904563
PBS_75,conc,PBS,LL2112_NC_conc.csv,post_iqr,4.6312284,14.641205
PBS_76,conc,PBS,LL2112_NC_conc.csv,post_iqr,5.27216,14.8269825
PBS_77,conc,PBS,LL2112_NC_conc.csv,post_iqr,4.7503896,14.707036
PBS_78,conc,PBS,LL2112_NC_conc.csv,post_iqr,5.089618,14.988173
PBS_79,conc,PBS,LL2112_NC_conc.csv,post_iqr,4.8148556,15.085216
PBS_80,conc,PBS,LL2112_NC_conc.csv,post_iqr,5.0357947,14.894399
PBS_81,conc,PBS,LL2112_NC_conc.csv,post_iqr,5.016766,14.788384
PBS_82,conc,PBS,LL2112_NC_conc.csv,post_iqr,4.6730304,14.98431
PBS_83,conc,PBS,LL2112_NC_conc.csv,post_iqr,5.118281,15.003682
PBS_84,conc,PBS,LL2112_NC_conc.csv,post_iqr,4.6652255,14.777239
PBS_85,conc,PBS,LL2112_NC_conc.csv,post_iqr,4.9776645,14.753507
PBS_86,conc,PBS,LL2112_NC_conc.csv,post_iqr,4.783673,14.915664
PBS_87,conc,PBS,LL2112_NC_conc.csv,post_iqr,5.411986,14.932932
PBS_88,conc,PBS,LL2112_NC_conc.csv,post_iqr,4.9644337,15.25048
PBS_89,conc,PBS,LL2112_NC_conc.csv,post_iqr,4.8016686,14.767728
PBS_90,conc,PBS,LL2112_NC_conc.csv,post_iqr,4.90949,15.0370655
PBS_91,conc,PBS,LL2112_NC_conc.csv,post_iqr,5.1055603,15.0745735
PBS_92,conc,PBS,LL2112_NC_conc.csv,post_iqr,5.051566,15.087515
PBS_93,conc,PBS,LL2112_NC_conc.csv,post_iqr,5.0082293,14.529925
PBS_94,conc,PBS,LL2112_NC_conc.csv,post_iqr,4.962672,14.463257
PBS_95,conc,PBS,LL2112_NC_conc.csv,post_iqr,4.967826,15.204178
PBS_96,conc,PBS,LL2112_NC_conc.csv,post_iqr,5.3188314,14.674253
PBS_97,conc,PBS,LL2112_NC_conc.csv,post_iqr,4.823048,14.857283
PBS_98,conc,PBS,LL2112_NC_conc.csv,post_iqr,5.200811,14.982357
PBS_99,conc,PBS,LL2112_NC_conc.csv,post_iqr,4.7737765,14.601625
PBS_100,conc,PBS,LL2112_NC_conc.csv,post_iqr,5.2332315,14.940526
PBS_101,conc,PBS,LL2112_NC_conc.csv,post_iqr,5.403969,14.699644
PBS_102,conc,PBS,LL2112_NC_conc.csv,post_iqr,5.542999,14.924348
PBS_103,conc,PBS,LL2112_NC_conc.csv,post_iqr,4.984191,15.222091
PBS_104,conc,PBS,LL2112_NC_conc.csv,post_iqr,3.9649057,-0.039893623
PBS_105,conc,PBS,LL2112_NC_conc.csv,post_iqr,5.5120687,14.803654
PBS_106,conc,PBS,LL2112_NC_conc.csv,post_iqr,10.265994,4.0323086
PBS_107,conc,PBS,LL2112_NC_conc.csv,post_iqr,5.4794664,14.980688
PBS_108,conc,PBS,LL2112_NC_conc.csv,post_iqr,5.229111,14.217957
PBS_109,conc,PBS,LL2112_NC_conc.csv,post_iqr,5.386548,14.209872
PBS_110,conc,PBS,LL2112_NC_conc.csv,post_iqr,5.29293,14.111671
PBS_111,conc,PBS,LL2112_NC_conc.csv,post_iqr,5.374896,14.425796
PBS_112,conc,PBS,LL2112_NC_conc.csv,post_iqr,5.7006316,14.640855
PBS_113,conc,PBS,LL2112_NC_conc.csv,post_iqr,5.322456,14.080326
PBS_114,conc,PBS,LL2112_NC_conc.csv,post_iqr,5.3569055,14.712683
PBS_115,conc,PBS,LL2112_NC_conc.csv,post_iqr,5.360497,14.377149
PBS_116,conc,PBS,LL2112_NC_conc.csv,post_iqr,10.98499,6.2564297
PBS_117,conc,PBS,LL2112_NC_conc.csv,post_iqr,5.475395,14.786143
PBS_118,conc,PBS,LL2112_NC_conc.csv,post_iqr,5.325874,14.245133
PBS_119,conc,PBS,LL2112_NC_conc.csv,post_iqr,5.337809,13.831176
PBS_120,conc,PBS,LL2112_NC_conc.csv,post_iqr,5.2527323,14.388078
PBS_122,conc,PBS,LL2112_NC_conc.csv,post_iqr,5.336933,13.852574
PBS_123,conc,PBS,LL2112_NC_conc.csv,post_iqr,5.375275,13.794143
PBS_124,conc,PBS,LL2112_NC_conc.csv,post_iqr,5.596095,14.637783
PBS_125,conc,PBS,LL2112_NC_conc.csv,post_iqr,5.1965528,14.087646
PBS_126,conc,PBS,LL2112_NC_conc.csv,post_iqr,10.683442,6.015713
PBS_127,conc,PBS,LL2112_NC_conc.csv,post_iqr,5.3670125,14.201257
PBS_129,conc,PBS,LL2112_NC_conc.csv,post_iqr,5.5113716,14.46044
PBS_130,conc,PBS,LL2112_NC_conc.csv,post_iqr,5.2403426,14.261669
PBS_131,conc,PBS,LL2112_NC_conc.csv,post_iqr,5.2145705,13.910284
PBS_132,conc,PBS,LL2112_NC_conc.csv,post_iqr,5.391804,14.411445
PBS_133,conc,PBS,LL2112_NC_conc.csv,post_iqr,5.5386906,14.154824
PBS_134,conc,PBS,LL2112_NC_conc.csv,post_iqr,5.5485644,14.383724
PBS_135,conc,PBS,LL2112_NC_conc.csv,post_iqr,5.2473373,14.11747
PBS_136,conc,PBS,LL2112_NC_conc.csv,post_iqr,5.3068824,14.499625
PBS_137,conc,PBS,LL2112_NC_conc.csv,post_iqr,5.327307,13.987646
PBS_138,conc,PBS,LL2112_NC_conc.csv,post_iqr,5.280224,13.920048
PBS_215,conc,PBS,LL2112_NC_conc.csv,post_iqr,4.7745547,14.57027
PBS_216,conc,PBS,LL2112_NC_conc.csv,post_iqr,5.398683,15.174792
PBS_217,conc,PBS,LL2112_NC_conc.csv,post_iqr,5.1529374,14.326106
PBS_218,conc,PBS,LL2112_NC_conc.csv,post_iqr,4.9423375,14.830541
PBS_219,conc,PBS,LL2112_NC_conc.csv,post_iqr,5.119489,14.212837
PBS_220,conc,PBS,LL2112_NC_conc.csv,post_iqr,5.0839725,14.362375
PBS_221,conc,PBS,LL2112_NC_conc.csv,post_iqr,5.442956,14.914888
PBS_222,conc,PBS,LL2112_NC_conc.csv,post_iqr,5.1689367,14.189189
PBS_224,conc,PBS,LL2112_NC_conc.csv,post_iqr,5.0357747,14.114158
PBS_225,conc,PBS,LL2112_NC_conc.csv,post_iqr,5.4089994,14.075319
PBS_226,conc,PBS,LL2112_NC_conc.csv,post_iqr,4.935082,15.394135
PBS_227,conc,PBS,LL2112_NC_conc.csv,post_iqr,5.339654,15.006055
PBS_228,conc,PBS,LL2112_NC_conc.csv,post_iqr,5.292946,14.7911005
PBS_229,conc,PBS,LL2112_NC_conc.csv,post_iqr,5.569134,14.570074
PBS_230,conc,PBS,LL2112_NC_conc.csv,post_iqr,5.082415,14.972426
PBS_231,conc,PBS,LL2112_NC_conc.csv,post_iqr,5.253035,14.416897
PBS_232,conc,PBS,LL2112_NC_conc.csv,post_iqr,5.313495,15.217507
PBS_233,conc,PBS,LL2112_NC_conc.csv,post_iqr,5.604271,14.702228
PBS_234,conc,PBS,LL2112_NC_conc.csv,post_iqr,5.3553877,14.823635
PBS_235,conc,PBS,LL2112_NC_conc.csv,post_iqr,5.0872574,14.284843
PBS_236,conc,PBS,LL2112_NC_conc.csv,post_iqr,4.980108,15.116305
PBS_237,conc,PBS,LL2112_NC_conc.csv,post_iqr,4.940733,14.919476
PBS_238,conc,PBS,LL2112_NC_conc.csv,post_iqr,4.9971266,14.5465145
PBS_239,conc,PBS,LL2112_NC_conc.csv,post_iqr,5.1429596,15.370265
PBS_240,conc,PBS,LL2112_NC_conc.csv,post_iqr,5.466939,14.408068
PBS_241,conc,PBS,LL2112_NC_conc.csv,post_iqr,5.236739,14.901211
PBS_242,conc,PBS,LL2112_NC_conc.csv,post_iqr,4.6970005,15.0671
PBS_243,conc,PBS,LL2112_NC_conc.csv,post_iqr,5.2058115,14.647784
PBS_244,conc,PBS,LL2112_NC_conc.csv,post_iqr,5.4848795,14.874548
PBS_245,conc,PBS,LL2112_NC_conc.csv,post_iqr,5.805055,14.541486
PBS_246,conc,PBS,LL2112_NC_conc.csv,post_iqr,5.215637,15.173853
PBS_247,conc,PBS,LL2112_NC_conc.csv,post_iqr,5.41435,14.68639
PBS_248,conc,PBS,LL2112_NC_conc.csv,post_iqr,4.754592,14.693672
PBS_249,conc,PBS,LL2112_NC_conc.csv,post_iqr,5.7179437,14.589999
PBS_250,conc,PBS,LL2112_NC_conc.csv,post_iqr,5.46822,14.427375
PBS_251,conc,PBS,LL2112_NC_conc.csv,post_iqr,5.6126156,15.022574
PBS_253,conc,PBS,LL2112_NC_conc.csv,post_iqr,5.565429,14.860555
PBS_254,conc,PBS,LL2112_NC_conc.csv,post_iqr,5.5228863,14.038012
PBS_255,conc,PBS,LL2112_NC_conc.csv,post_iqr,5.078592,14.719657
PBS_256,conc,PBS,LL2112_NC_conc.csv,post_iqr,10.776365,5.993466
PBS_257,conc,PBS,LL2112_NC_conc.csv,post_iqr,5.6257653,14.996033
PBS_258,conc,PBS,LL2112_NC_conc.csv,post_iqr,5.265314,13.893798
PBS_259,conc,PBS,LL2112_NC_conc.csv,post_iqr,5.2298937,13.792344
PBS_260,conc,PBS,LL2112_NC_conc.csv,post_iqr,4.3703294,14.584814
PBS_261,conc,PBS,LL2112_NC_conc.csv,post_iqr,5.1232467,14.104938
PBS_262,conc,PBS,LL2112_NC_conc.csv,post_iqr,5.6927557,14.576143
PBS_263,conc,PBS,LL2112_NC_conc.csv,post_iqr,4.4357066,14.140589
PBS_264,conc,PBS,LL2112_NC_conc.csv,post_iqr,5.5825987,14.948889
PBS_265,conc,PBS,LL2112_NC_conc.csv,post_iqr,5.1938915,13.716167
PBS_267,conc,PBS,LL2112_NC_conc.csv,post_iqr,5.3644767,13.765193
PBS_268,conc,PBS,LL2112_NC_conc.csv,post_iqr,5.3586,13.773819
PBS_269,conc,PBS,LL2112_NC_conc.csv,post_iqr,5.6633983,15.071461
PBS_270,conc,PBS,LL2112_NC_conc.csv,post_iqr,4.64143,14.013151
PBS_271,conc,PBS,LL2112_NC_conc.csv,post_iqr,5.74383,14.908454
PBS_272,conc,PBS,LL2112_NC_conc.csv,post_iqr,5.6781797,14.742085
PBS_273,conc,PBS,LL2112_NC_conc.csv,post_iqr,5.8446393,14.909042
PBS_274,conc,PBS,LL2112_NC_conc.csv,post_iqr,4.443285,14.164988
PBS_275,conc,PBS,LL2112_NC_conc.csv,post_iqr,5.4448214,14.95404
PBS_276,conc,PBS,LL2112_NC_conc.csv,post_iqr,10.94891,6.2371364
PBS_277,conc,PBS,LL2112_NC_conc.csv,post_iqr,5.4206433,13.784558
PBS_278,conc,PBS,LL2112_NC_conc.csv,post_iqr,5.3251667,14.76558
PBS_279,conc,PBS,LL2112_NC_conc.csv,post_iqr,5.395715,13.871176
PBS_280,conc,PBS,LL2112_NC_conc.csv,post_iqr,5.490849,14.874615
PBS_281,conc,PBS,LL2112_NC_conc.csv,post_iqr,5.6598043,15.051819
PBS_282,conc,PBS,LL2112_NC_conc.csv,post_iqr,5.27139,13.813185
PBS_286,conc,PBS,LL2112_NC_conc.csv,post_iqr,5.841166,14.756613
PBS_287,conc,PBS,LL2112_NC_conc.csv,post_iqr,5.2827454,13.877815
PBS_288,conc,PBS,LL2112_NC_conc.csv,post_iqr,4.996216,14.749557
PBS_289,conc,PBS,LL2112_NC_conc.csv,post_iqr,5.265207,13.697771
PBS_290,conc,PBS,LL2112_NC_conc.csv,post_iqr,5.0096684,15.354608
PBS_291,conc,PBS,LL2112_NC_conc.csv,post_iqr,10.627514,5.9032955
PBS_292,conc,PBS,LL2112_NC_conc.csv,post_iqr,5.873251,14.842587
PBS_363,conc,PBS,LL2112_NC_conc.csv,post_iqr,5.069208,14.145945
PBS_364,conc,PBS,LL2112_NC_conc.csv,post_iqr,5.1698794,15.406782
PBS_365,conc,PBS,LL2112_NC_conc.csv,post_iqr,4.8844943,15.070953
PBS_366,conc,PBS,LL2112_NC_conc.csv,post_iqr,4.8127885,15.372868
PBS_367,conc,PBS,LL2112_NC_conc.csv,post_iqr,5.0899286,15.035044
PBS_368,conc,PBS,LL2112_NC_conc.csv,post_iqr,5.125417,15.31353
PBS_372,conc,PBS,LL2112_NC_conc.csv,post_iqr,4.8004355,14.711719
PBS_373,conc,PBS,LL2112_NC_conc.csv,post_iqr,4.9842706,15.128524
PBS_374,conc,PBS,LL2112_NC_conc.csv,post_iqr,4.735744,13.920807
PBS_375,conc,PBS,LL2112_NC_conc.csv,post_iqr,4.8158693,15.002741
PBS_376,conc,PBS,LL2112_NC_conc.csv,post_iqr,10.734469,5.6370296
PBS_377,conc,PBS,LL2112_NC_conc.csv,post_iqr,5.1814094,15.25183
PBS_378,conc,PBS,LL2112_NC_conc.csv,post_iqr,4.4573293,14.842744
PBS_380,conc,PBS,LL2112_NC_conc.csv,post_iqr,5.057761,14.608516
PBS_381,conc,PBS,LL2112_NC_conc.csv,post_iqr,10.929717,6.210375
PBS_382,conc,PBS,LL2112_NC_conc.csv,post_iqr,4.818003,14.888856
PBS_383,conc,PBS,LL2112_NC_conc.csv,post_iqr,4.611686,14.555271
PBS_384,conc,PBS,LL2112_NC_conc.csv,post_iqr,4.6644573,14.879452
PBS_385,conc,PBS,LL2112_NC_conc.csv,post_iqr,4.752816,15.252398
PBS_386,conc,PBS,LL2112_NC_conc.csv,post_iqr,5.0040474,14.30355
PBS_387,conc,PBS,LL2112_NC_conc.csv,post_iqr,4.8703012,14.923667
PBS_388,conc,PBS,LL2112_NC_conc.csv,post_iqr,4.698978,15.214106
PBS_389,conc,PBS,LL2112_NC_conc.csv,post_iqr,4.550171,14.236449
PBS_390,conc,PBS,LL2112_NC_conc.csv,post_iqr,4.5112095,14.785539
PBS_391,conc,PBS,LL2112_NC_conc.csv,post_iqr,4.8352966,14.066035
PBS_392,conc,PBS,LL2112_NC_conc.csv,post_iqr,4.019661,1.4163944
PBS_393,conc,PBS,LL2112_NC_conc.csv,post_iqr,4.5025015,14.687375
PBS_394,conc,PBS,LL2112_NC_conc.csv,post_iqr,4.675385,15.280423
PBS_395,conc,PBS,LL2112_NC_conc.csv,post_iqr,4.310728,14.293086
PBS_396,conc,PBS,LL2112_NC_conc.csv,post_iqr,4.6361217,14.704239
PBS_398,conc,PBS,LL2112_NC_conc.csv,post_iqr,5.5147057,14.776446
PBS_399,conc,PBS,LL2112_NC_conc.csv,post_iqr,4.4191236,14.64419
PBS_400,conc,PBS,LL2112_NC_conc.csv,post_iqr,4.6968966,15.214966
PBS_402,conc,PBS,LL2112_NC_conc.csv,post_iqr,4.5978246,14.094893
PBS_403,conc,PBS,LL2112_NC_conc.csv,post_iqr,4.784026,14.579735
PBS_404,conc,PBS,LL2112_NC_conc.csv,post_iqr,4.680389,13.921437
PBS_405,conc,PBS,LL2112_NC_conc.csv,post_iqr,4.761804,14.036302
PBS_406,conc,PBS,LL2112_NC_conc.csv,post_iqr,4.4289627,14.416504
PBS_407,conc,PBS,LL2112_NC_conc.csv,post_iqr,4.323237,14.143447
PBS_408,conc,PBS,LL2112_NC_conc.csv,post_iqr,11.24101,6.2043624
PBS_409,conc,PBS,LL2112_NC_conc.csv,post_iqr,11.145105,6.301411
PBS_410,conc,PBS,LL2112_NC_conc.csv,post_iqr,4.402934,14.365658
PBS_411,conc,PBS,LL2112_NC_conc.csv,post_iqr,4.873141,15.121576
PBS_413,conc,PBS,LL2112_NC_conc.csv,post_iqr,4.726049,13.94576
PBS_414,conc,PBS,LL2112_NC_conc.csv,post_iqr,5.196262,15.025162
PBS_415,conc,PBS,LL2112_NC_conc.csv,post_iqr,4.540089,14.540019
PBS_416,conc,PBS,LL2112_NC_conc.csv,post_iqr,4.7922444,14.030347
PBS_417,conc,PBS,LL2112_NC_conc.csv,post_iqr,5.1713896,13.997236
PBS_418,conc,PBS,LL2112_NC_conc.csv,post_iqr,4.695438,15.150532
PBS_419,conc,PBS,LL2112_NC_conc.csv,post_iqr,4.795429,15.017526
PBS_420,conc,PBS,LL2112_NC_conc.csv,post_iqr,4.9178085,14.20773
PBS_421,conc,PBS,LL2112_NC_conc.csv,post_iqr,4.9088383,13.887563
PBS_422,conc,PBS,LL2112_NC_conc.csv,post_iqr,4.5974607,14.978511
PBS_423,conc,PBS,LL2112_NC_conc.csv,post_iqr,5.1488757,14.7307825
PBS_424,conc,PBS,LL2112_NC_conc.csv,post_iqr,4.389508,14.114224
PBS_425,conc,PBS,LL2112_NC_conc.csv,post_iqr,4.6991177,13.898267
PBS_426,conc,PBS,LL2112_NC_conc.csv,post_iqr,11.786741,4.431125
PBS_427,conc,PBS,LL2112_NC_conc.csv,post_iqr,4.308709,14.170958
PBS_428,conc,PBS,LL2112_NC_conc.csv,post_iqr,4.5447392,15.139497
PBS_429,conc,PBS,LL2112_NC_conc.csv,post_iqr,4.868106,15.434974
PBS_430,conc,PBS,LL2112_NC_conc.csv,post_iqr,4.7485785,14.250205
PBS_432,conc,PBS,LL2112_NC_conc.csv,post_iqr,4.524087,13.968767
PBS_433,conc,PBS,LL2112_NC_conc.csv,post_iqr,4.6136637,15.324625
PBS_435,conc,PBS,LL2112_NC_conc.csv,post_iqr,10.698383,6.02711
PBS_436,conc,PBS,LL2112_NC_conc.csv,post_iqr,4.55632,14.971557
PBS_437,conc,PBS,LL2112_NC_conc.csv,post_iqr,4.691965,13.941019
PBS_438,conc,PBS,LL2112_NC_conc.csv,post_iqr,4.767578,14.821434
PBS_439,conc,PBS,LL2112_NC_conc.csv,post_iqr,4.6744757,14.168331
PBS_440,conc,PBS,LL2112_NC_conc.csv,post_iqr,4.7895765,14.325501
PBS_441,conc,PBS,LL2112_NC_conc.csv,post_iqr,4.4825125,15.070135
PBS_442,conc,PBS,LL2112_NC_conc.csv,post_iqr,4.452765,15.083079
